id,Dates,price,stock_id
1,27/12/2011,1.02,17
2,28/12/2011,1.0235,17
3,29/12/2011,1.0217,17
4,30/12/2011,1.0213,17
5,02/01/2012,1.0188,17
6,03/01/2012,1.0101,17
7,04/01/2012,1.012,17
8,05/01/2012,1.0183,17
9,06/01/2012,1.0284,17
10,09/01/2012,1.0262,17
11,10/01/2012,1.0173,17
12,11/01/2012,1.02,17
13,12/01/2012,1.0189,17
14,13/01/2012,1.0232,17
15,16/01/2012,1.0169,17
16,17/01/2012,1.0135,17
17,18/01/2012,1.0124,17
18,19/01/2012,1.0105,17
19,20/01/2012,1.0132,17
20,23/01/2012,1.0087,17
21,24/01/2012,1.0095,17
22,25/01/2012,1.0077,17
23,26/01/2012,0.9993,17
24,27/01/2012,1.0018,17
25,30/01/2012,1.0037,17
26,31/01/2012,1.0042,17
27,01/02/2012,0.9977,17
28,02/02/2012,0.9995,17
29,03/02/2012,0.9935,17
30,06/02/2012,0.9957,17
31,07/02/2012,0.9951,17
32,08/02/2012,0.9955,17
33,09/02/2012,0.9944,17
34,10/02/2012,1.0014,17
35,13/02/2012,0.9994,17
36,14/02/2012,1.0001,17
37,15/02/2012,0.9985,17
38,16/02/2012,0.9967,17
39,17/02/2012,0.9968,17
40,20/02/2012,0.9937,17
41,21/02/2012,0.9956,17
42,22/02/2012,0.9997,17
43,23/02/2012,0.9987,17
44,24/02/2012,0.9993,17
45,27/02/2012,0.9984,17
46,28/02/2012,0.9962,17
47,29/02/2012,0.9866,17
48,01/03/2012,0.985,17
49,02/03/2012,0.9893,17
50,05/03/2012,0.994,17
51,06/03/2012,1.0021,17
52,07/03/2012,0.9994,17
53,08/03/2012,0.9911,17
54,09/03/2012,0.9905,17
55,12/03/2012,0.993,17
56,13/03/2012,0.9902,17
57,14/03/2012,0.9931,17
58,15/03/2012,0.9911,17
59,16/03/2012,0.9917,17
60,19/03/2012,0.9866,17
61,20/03/2012,0.9911,17
62,21/03/2012,0.9932,17
63,22/03/2012,0.9996,17
64,23/03/2012,0.9978,17
65,26/03/2012,0.9929,17
66,27/03/2012,0.9933,17
67,28/03/2012,0.9985,17
68,29/03/2012,0.9984,17
69,30/03/2012,0.9987,17
70,02/04/2012,0.9917,17
71,03/04/2012,0.9912,17
72,04/04/2012,0.9962,17
73,05/04/2012,0.9933,17
74,06/04/2012,0.9972,17
75,09/04/2012,0.9966,17
76,10/04/2012,1.0027,17
77,11/04/2012,1.0026,17
78,12/04/2012,0.9947,17
79,13/04/2012,0.9997,17
80,16/04/2012,1.0016,17
81,17/04/2012,0.9879,17
82,18/04/2012,0.9913,17
83,19/04/2012,0.9937,17
84,20/04/2012,0.9924,17
85,23/04/2012,0.9939,17
86,24/04/2012,0.9887,17
87,25/04/2012,0.9842,17
88,26/04/2012,0.984,17
89,27/04/2012,0.9804,17
90,30/04/2012,0.9876,17
91,01/05/2012,0.9842,17
92,02/05/2012,0.987,17
93,03/05/2012,0.9874,17
94,04/05/2012,0.9961,17
95,07/05/2012,0.994,17
96,08/05/2012,1.0004,17
97,09/05/2012,1.002,17
98,10/05/2012,1.0003,17
99,11/05/2012,1.0005,17
100,14/05/2012,1.0018,17
101,15/05/2012,1.0036,17
102,16/05/2012,1.01,17
103,17/05/2012,1.0166,17
104,18/05/2012,1.0222,17
105,21/05/2012,1.0204,17
106,22/05/2012,1.0191,17
107,23/05/2012,1.0268,17
108,24/05/2012,1.0282,17
109,25/05/2012,1.0294,17
110,28/05/2012,1.0242,17
111,29/05/2012,1.0258,17
112,30/05/2012,1.0281,17
113,31/05/2012,1.033,17
114,01/06/2012,1.0411,17
115,04/06/2012,1.0435,17
116,05/06/2012,1.0402,17
117,06/06/2012,1.0285,17
118,07/06/2012,1.0246,17
119,08/06/2012,1.0267,17
120,11/06/2012,1.0282,17
121,12/06/2012,1.0279,17
122,13/06/2012,1.0261,17
123,14/06/2012,1.0248,17
124,15/06/2012,1.0217,17
125,18/06/2012,1.0257,17
126,19/06/2012,1.018,17
127,20/06/2012,1.0192,17
128,21/06/2012,1.0253,17
129,22/06/2012,1.0246,17
130,25/06/2012,1.0296,17
131,26/06/2012,1.0247,17
132,27/06/2012,1.0254,17
133,28/06/2012,1.0342,17
134,29/06/2012,1.0166,17
135,02/07/2012,1.0183,17
136,03/07/2012,1.0129,17
137,04/07/2012,1.0131,17
138,05/07/2012,1.0138,17
139,06/07/2012,1.0196,17
140,09/07/2012,1.0203,17
141,10/07/2012,1.0201,17
142,11/07/2012,1.019,17
143,12/07/2012,1.0214,17
144,13/07/2012,1.0142,17
145,16/07/2012,1.0154,17
146,17/07/2012,1.014,17
147,18/07/2012,1.0105,17
148,19/07/2012,1.0076,17
149,20/07/2012,1.0125,17
150,23/07/2012,1.0171,17
151,24/07/2012,1.0212,17
152,25/07/2012,1.0177,17
153,26/07/2012,1.0102,17
154,27/07/2012,1.0033,17
155,30/07/2012,1.0031,17
156,31/07/2012,1.0025,17
157,01/08/2012,1.0015,17
158,02/08/2012,1.007,17
159,03/08/2012,1.0013,17
160,06/08/2012,0.9993,17
161,07/08/2012,0.9968,17
162,08/08/2012,0.9943,17
163,09/08/2012,0.9921,17
164,10/08/2012,0.9911,17
165,13/08/2012,0.9928,17
166,14/08/2012,0.9916,17
167,15/08/2012,0.989,17
168,16/08/2012,0.9873,17
169,17/08/2012,0.9893,17
170,20/08/2012,0.9884,17
171,21/08/2012,0.9871,17
172,22/08/2012,0.9935,17
173,23/08/2012,0.9934,17
174,24/08/2012,0.9923,17
175,27/08/2012,0.9897,17
176,28/08/2012,0.9869,17
177,29/08/2012,0.9877,17
178,30/08/2012,0.9927,17
179,31/08/2012,0.9863,17
180,03/09/2012,0.9858,17
181,04/09/2012,0.986,17
182,05/09/2012,0.9904,17
183,06/09/2012,0.9825,17
184,07/09/2012,0.9786,17
185,10/09/2012,0.9764,17
186,11/09/2012,0.9724,17
187,12/09/2012,0.9755,17
188,13/09/2012,0.9726,17
189,14/09/2012,0.9714,17
190,17/09/2012,0.9725,17
191,18/09/2012,0.9742,17
192,19/09/2012,0.9744,17
193,20/09/2012,0.9781,17
194,21/09/2012,0.9764,17
195,24/09/2012,0.9791,17
196,25/09/2012,0.9785,17
197,26/09/2012,0.984,17
198,27/09/2012,0.9808,17
199,28/09/2012,0.9837,17
200,01/10/2012,0.9831,17
201,02/10/2012,0.9828,17
202,03/10/2012,0.9862,17
203,04/10/2012,0.9813,17
204,05/10/2012,0.9787,17
205,08/10/2012,0.9756,17
206,09/10/2012,0.9788,17
207,10/10/2012,0.9799,17
208,11/10/2012,0.9777,17
209,12/10/2012,0.9802,17
210,15/10/2012,0.9787,17
211,16/10/2012,0.9856,17
212,17/10/2012,0.98,17
213,18/10/2012,0.9817,17
214,19/10/2012,0.9936,17
215,22/10/2012,0.9939,17
216,23/10/2012,0.9928,17
217,24/10/2012,0.9942,17
218,25/10/2012,0.9937,17
219,26/10/2012,0.9969,17
220,29/10/2012,1.0001,17
221,30/10/2012,0.9999,17
222,31/10/2012,0.9997,17
223,01/11/2012,0.9971,17
224,02/11/2012,0.9959,17
225,05/11/2012,0.9971,17
226,06/11/2012,0.9932,17
227,07/11/2012,0.9971,17
228,08/11/2012,0.9983,17
229,09/11/2012,1.0017,17
230,12/11/2012,0.9996,17
231,13/11/2012,1.0018,17
232,14/11/2012,1.0025,17
233,15/11/2012,1.003,17
234,16/11/2012,1.0012,17
235,19/11/2012,0.997,17
236,20/11/2012,0.9978,17
237,21/11/2012,0.9967,17
238,22/11/2012,0.9976,17
239,23/11/2012,0.9929,17
240,26/11/2012,0.9938,17
241,27/11/2012,0.993,17
242,28/11/2012,0.9926,17
243,29/11/2012,0.9926,17
244,30/11/2012,0.9944,17
245,03/12/2012,0.9938,17
246,04/12/2012,0.9922,17
247,05/12/2012,0.9912,17
248,06/12/2012,0.9919,17
249,07/12/2012,0.9884,17
250,10/12/2012,0.9872,17
251,11/12/2012,0.9862,17
252,12/12/2012,0.9833,17
253,13/12/2012,0.9848,17
254,14/12/2012,0.9855,17
255,17/12/2012,0.9843,17
256,18/12/2012,0.9853,17
257,19/12/2012,0.9874,17
258,20/12/2012,0.9875,17
259,21/12/2012,0.9932,17
260,24/12/2012,0.9912,17
261,25/12/2012,0.9924,17
262,26/12/2012,0.9944,17
263,27/12/2012,0.9948,17
264,28/12/2012,0.997,17
265,31/12/2012,0.9949,17
266,01/01/2013,0.9928,17
267,02/01/2013,0.987,17
268,03/01/2013,0.9858,17
269,04/01/2013,0.9872,17
270,07/01/2013,0.9859,17
271,08/01/2013,0.987,17
272,09/01/2013,0.9872,17
273,10/01/2013,0.9852,17
274,11/01/2013,0.9848,17
275,14/01/2013,0.9841,17
276,15/01/2013,0.9842,17
277,16/01/2013,0.9863,17
278,17/01/2013,0.9846,17
279,18/01/2013,0.9917,17
280,21/01/2013,0.9931,17
281,22/01/2013,0.9931,17
282,23/01/2013,0.9993,17
283,24/01/2013,1.003,17
284,25/01/2013,1.0058,17
285,28/01/2013,1.0064,17
286,29/01/2013,1.0032,17
287,30/01/2013,1.0021,17
288,31/01/2013,0.9972,17
289,01/02/2013,0.9965,17
290,04/02/2013,0.9988,17
291,05/02/2013,0.9973,17
292,06/02/2013,0.9968,17
293,07/02/2013,0.9988,17
294,08/02/2013,1.002,17
295,11/02/2013,1.0064,17
296,12/02/2013,1.0026,17
297,13/02/2013,1.0015,17
298,14/02/2013,1.0021,17
299,15/02/2013,1.0064,17
300,18/02/2013,1.0118,17
301,19/02/2013,1.0127,17
302,20/02/2013,1.017,17
303,21/02/2013,1.0194,17
304,22/02/2013,1.0215,17
305,25/02/2013,1.0255,17
306,26/02/2013,1.0276,17
307,27/02/2013,1.0251,17
308,28/02/2013,1.0294,17
309,01/03/2013,1.0268,17
310,04/03/2013,1.03,17
311,05/03/2013,1.0276,17
312,06/03/2013,1.0316,17
313,07/03/2013,1.029,17
314,08/03/2013,1.0287,17
315,11/03/2013,1.0256,17
316,12/03/2013,1.0261,17
317,13/03/2013,1.0273,17
318,14/03/2013,1.0227,17
319,15/03/2013,1.0194,17
320,18/03/2013,1.0226,17
321,19/03/2013,1.0279,17
322,20/03/2013,1.0255,17
323,21/03/2013,1.0245,17
324,22/03/2013,1.0232,17
325,25/03/2013,1.0214,17
326,26/03/2013,1.0174,17
327,27/03/2013,1.0166,17
328,28/03/2013,1.0165,17
329,29/03/2013,1.0174,17
330,01/04/2013,1.0165,17
331,02/04/2013,1.0144,17
332,03/04/2013,1.0134,17
333,04/04/2013,1.0131,17
334,05/04/2013,1.0176,17
335,08/04/2013,1.0195,17
336,09/04/2013,1.0164,17
337,10/04/2013,1.015,17
338,11/04/2013,1.0103,17
339,12/04/2013,1.0136,17
340,15/04/2013,1.0214,17
341,16/04/2013,1.0222,17
342,17/04/2013,1.0271,17
343,18/04/2013,1.0254,17
344,19/04/2013,1.0266,17
345,22/04/2013,1.0266,17
346,23/04/2013,1.0264,17
347,24/04/2013,1.0275,17
348,25/04/2013,1.0199,17
349,26/04/2013,1.0167,17
350,29/04/2013,1.0138,17
351,30/04/2013,1.0073,17
352,01/05/2013,1.0086,17
353,02/05/2013,1.008,17
354,03/05/2013,1.008,17
355,06/05/2013,1.0075,17
356,07/05/2013,1.005,17
357,08/05/2013,1.0025,17
358,09/05/2013,1.0023,17
359,10/05/2013,1.01,17
360,13/05/2013,1.0103,17
361,14/05/2013,1.0145,17
362,15/05/2013,1.0178,17
363,16/05/2013,1.0164,17
364,17/05/2013,1.0281,17
365,20/05/2013,1.0253,17
366,21/05/2013,1.0254,17
367,22/05/2013,1.0357,17
368,23/05/2013,1.0309,17
369,24/05/2013,1.0318,17
370,27/05/2013,1.0343,17
371,28/05/2013,1.0381,17
372,29/05/2013,1.0363,17
373,30/05/2013,1.0308,17
374,31/05/2013,1.0375,17
375,03/06/2013,1.0288,17
376,04/06/2013,1.0351,17
377,05/06/2013,1.0346,17
378,06/06/2013,1.0246,17
379,07/06/2013,1.0197,17
380,10/06/2013,1.0196,17
381,11/06/2013,1.0191,17
382,12/06/2013,1.0186,17
383,13/06/2013,1.0173,17
384,14/06/2013,1.017,17
385,17/06/2013,1.0187,17
386,18/06/2013,1.0201,17
387,19/06/2013,1.0195,17
388,20/06/2013,1.0359,17
389,21/06/2013,1.0457,17
390,24/06/2013,1.0519,17
391,25/06/2013,1.0502,17
392,26/06/2013,1.0473,17
393,27/06/2013,1.048,17
394,28/06/2013,1.0519,17
395,01/07/2013,1.0491,17
396,02/07/2013,1.0531,17
397,03/07/2013,1.0517,17
398,04/07/2013,1.0514,17
399,05/07/2013,1.0582,17
400,08/07/2013,1.0574,17
401,09/07/2013,1.0527,17
402,10/07/2013,1.0509,17
403,11/07/2013,1.0392,17
404,12/07/2013,1.0395,17
405,15/07/2013,1.0422,17
406,16/07/2013,1.0378,17
407,17/07/2013,1.0406,17
408,18/07/2013,1.0392,17
409,19/07/2013,1.0368,17
410,22/07/2013,1.0325,17
411,23/07/2013,1.0295,17
412,24/07/2013,1.0302,17
413,25/07/2013,1.0283,17
414,26/07/2013,1.0278,17
415,29/07/2013,1.0268,17
416,30/07/2013,1.0296,17
417,31/07/2013,1.0288,17
418,01/08/2013,1.0345,17
419,02/08/2013,1.0392,17
420,05/08/2013,1.0365,17
421,06/08/2013,1.0374,17
422,07/08/2013,1.0415,17
423,08/08/2013,1.0308,17
424,09/08/2013,1.0289,17
425,12/08/2013,1.0302,17
426,13/08/2013,1.034,17
427,14/08/2013,1.0327,17
428,15/08/2013,1.0328,17
429,16/08/2013,1.0336,17
430,19/08/2013,1.0339,17
431,20/08/2013,1.038,17
432,21/08/2013,1.0447,17
433,22/08/2013,1.0518,17
434,23/08/2013,1.0496,17
435,26/08/2013,1.0512,17
436,27/08/2013,1.0495,17
437,28/08/2013,1.049,17
438,29/08/2013,1.0526,17
439,30/08/2013,1.0537,17
440,02/09/2013,1.0549,17
441,03/09/2013,1.0542,17
442,04/09/2013,1.0491,17
443,05/09/2013,1.0504,17
444,06/09/2013,1.0405,17
445,09/09/2013,1.0369,17
446,10/09/2013,1.0347,17
447,11/09/2013,1.0331,17
448,12/09/2013,1.0324,17
449,13/09/2013,1.0351,17
450,16/09/2013,1.0324,17
451,17/09/2013,1.0298,17
452,18/09/2013,1.0308,17
453,19/09/2013,1.0247,17
454,20/09/2013,1.0304,17
455,23/09/2013,1.0277,17
456,24/09/2013,1.0296,17
457,25/09/2013,1.0302,17
458,26/09/2013,1.0319,17
459,27/09/2013,1.0306,17
460,30/09/2013,1.0296,17
461,01/10/2013,1.0333,17
462,02/10/2013,1.0331,17
463,03/10/2013,1.0322,17
464,04/10/2013,1.0294,17
465,07/10/2013,1.0313,17
466,08/10/2013,1.0344,17
467,09/10/2013,1.0393,17
468,10/10/2013,1.0382,17
469,11/10/2013,1.0349,17
470,14/10/2013,1.0351,17
471,15/10/2013,1.0373,17
472,16/10/2013,1.0341,17
473,17/10/2013,1.0291,17
474,18/10/2013,1.0286,17
475,21/10/2013,1.0297,17
476,22/10/2013,1.0286,17
477,23/10/2013,1.0376,17
478,24/10/2013,1.0424,17
479,25/10/2013,1.0448,17
480,28/10/2013,1.0446,17
481,29/10/2013,1.047,17
482,30/10/2013,1.0456,17
483,31/10/2013,1.0429,17
484,01/11/2013,1.042,17
485,04/11/2013,1.0424,17
486,05/11/2013,1.0456,17
487,06/11/2013,1.0424,17
488,07/11/2013,1.045,17
489,08/11/2013,1.0479,17
490,11/11/2013,1.0479,17
491,12/11/2013,1.0487,17
492,13/11/2013,1.0458,17
493,14/11/2013,1.0474,17
494,15/11/2013,1.0439,17
495,18/11/2013,1.0431,17
496,19/11/2013,1.0477,17
497,20/11/2013,1.045,17
498,21/11/2013,1.0515,17
499,22/11/2013,1.0514,17
500,25/11/2013,1.0556,17
501,26/11/2013,1.0552,17
502,27/11/2013,1.0595,17
503,28/11/2013,1.0578,17
504,29/11/2013,1.0614,17
505,02/12/2013,1.063,17
506,03/12/2013,1.0662,17
507,04/12/2013,1.0691,17
508,05/12/2013,1.0642,17
509,06/12/2013,1.064,17
510,09/12/2013,1.0638,17
511,10/12/2013,1.0615,17
512,11/12/2013,1.0601,17
513,12/12/2013,1.0634,17
514,13/12/2013,1.0585,17
515,16/12/2013,1.0583,17
516,17/12/2013,1.0612,17
517,18/12/2013,1.0646,17
518,19/12/2013,1.0669,17
519,20/12/2013,1.0635,17
520,23/12/2013,1.0613,17
521,24/12/2013,1.0616,17
522,25/12/2013,1.0635,17
523,26/12/2013,1.0645,17
524,27/12/2013,1.0706,17
525,30/12/2013,1.0649,17
526,31/12/2013,1.0628,17
527,01/01/2014,1.0635,17
528,02/01/2014,1.064,17
529,03/01/2014,1.0635,17
530,06/01/2014,1.0649,17
531,07/01/2014,1.075,17
532,08/01/2014,1.0807,17
533,09/01/2014,1.0849,17
534,10/01/2014,1.0892,17
535,13/01/2014,1.0864,17
536,14/01/2014,1.0934,17
537,15/01/2014,1.0935,17
538,16/01/2014,1.0924,17
539,17/01/2014,1.0964,17
540,20/01/2014,1.0959,17
541,21/01/2014,1.0968,17
542,22/01/2014,1.1073,17
543,23/01/2014,1.1161,17
544,24/01/2014,1.1088,17
545,27/01/2014,1.1096,17
546,28/01/2014,1.1154,17
547,29/01/2014,1.1152,17
548,30/01/2014,1.1165,17
549,31/01/2014,1.1128,17
550,03/02/2014,1.1094,17
551,04/02/2014,1.1068,17
552,05/02/2014,1.1082,17
553,06/02/2014,1.1062,17
554,07/02/2014,1.1032,17
555,10/02/2014,1.1042,17
556,11/02/2014,1.1015,17
557,12/02/2014,1.0985,17
558,13/02/2014,1.097,17
559,14/02/2014,1.0978,17
560,17/02/2014,1.0961,17
561,18/02/2014,1.0945,17
562,19/02/2014,1.1071,17
563,20/02/2014,1.1112,17
564,21/02/2014,1.1108,17
565,24/02/2014,1.1075,17
566,25/02/2014,1.1082,17
567,26/02/2014,1.1123,17
568,27/02/2014,1.1135,17
569,28/02/2014,1.1064,17
570,03/03/2014,1.11,17
571,04/03/2014,1.1103,17
572,05/03/2014,1.1049,17
573,06/03/2014,1.0976,17
574,07/03/2014,1.1087,17
575,10/03/2014,1.1099,17
576,11/03/2014,1.1102,17
577,12/03/2014,1.1112,17
578,13/03/2014,1.1063,17
579,14/03/2014,1.1105,17
580,17/03/2014,1.1054,17
581,18/03/2014,1.1133,17
582,19/03/2014,1.116,17
583,20/03/2014,1.1241,17
584,21/03/2014,1.1221,17
585,24/03/2014,1.1186,17
586,25/03/2014,1.1172,17
587,26/03/2014,1.1107,17
588,27/03/2014,1.1058,17
589,28/03/2014,1.1061,17
590,31/03/2014,1.1039,17
591,01/04/2014,1.1023,17
592,02/04/2014,1.1027,17
593,03/04/2014,1.1045,17
594,04/04/2014,1.0981,17
595,07/04/2014,1.0967,17
596,08/04/2014,1.0922,17
597,09/04/2014,1.0883,17
598,10/04/2014,1.0917,17
599,11/04/2014,1.098,17
600,14/04/2014,1.0961,17
601,15/04/2014,1.0979,17
602,16/04/2014,1.1002,17
603,17/04/2014,1.1006,17
604,18/04/2014,1.1024,17
605,21/04/2014,1.1015,17
606,22/04/2014,1.1024,17
607,23/04/2014,1.103,17
608,24/04/2014,1.103,17
609,25/04/2014,1.1039,17
610,28/04/2014,1.1034,17
611,29/04/2014,1.096,17
612,30/04/2014,1.0949,17
613,01/05/2014,1.0958,17
614,02/05/2014,1.0972,17
615,05/05/2014,1.0957,17
616,06/05/2014,1.0889,17
617,07/05/2014,1.09,17
618,08/05/2014,1.0837,17
619,09/05/2014,1.0898,17
620,12/05/2014,1.0889,17
621,13/05/2014,1.0905,17
622,14/05/2014,1.0879,17
623,15/05/2014,1.088,17
624,16/05/2014,1.0861,17
625,19/05/2014,1.0868,17
626,20/05/2014,1.0899,17
627,21/05/2014,1.0941,17
628,22/05/2014,1.0899,17
629,23/05/2014,1.0861,17
630,26/05/2014,1.0857,17
631,27/05/2014,1.0871,17
632,28/05/2014,1.0876,17
633,29/05/2014,1.0841,17
634,30/05/2014,1.0846,17
635,02/06/2014,1.0902,17
636,03/06/2014,1.0914,17
637,04/06/2014,1.094,17
638,05/06/2014,1.0937,17
639,06/06/2014,1.0931,17
640,09/06/2014,1.0913,17
641,10/06/2014,1.0916,17
642,11/06/2014,1.0867,17
643,12/06/2014,1.0851,17
644,13/06/2014,1.0855,17
645,16/06/2014,1.0851,17
646,17/06/2014,1.0855,17
647,18/06/2014,1.0871,17
648,19/06/2014,1.0822,17
649,20/06/2014,1.0758,17
650,23/06/2014,1.0733,17
651,24/06/2014,1.0742,17
652,25/06/2014,1.0723,17
653,26/06/2014,1.0691,17
654,27/06/2014,1.0666,17
655,30/06/2014,1.0666,17
656,01/07/2014,1.064,17
657,02/07/2014,1.0662,17
658,03/07/2014,1.0625,17
659,04/07/2014,1.0653,17
660,07/07/2014,1.0667,17
661,08/07/2014,1.0676,17
662,09/07/2014,1.0651,17
663,10/07/2014,1.066,17
664,11/07/2014,1.0734,17
665,14/07/2014,1.0711,17
666,15/07/2014,1.0761,17
667,16/07/2014,1.0744,17
668,17/07/2014,1.0746,17
669,18/07/2014,1.0733,17
670,21/07/2014,1.0733,17
671,22/07/2014,1.0743,17
672,23/07/2014,1.0739,17
673,24/07/2014,1.0747,17
674,25/07/2014,1.0812,17
675,28/07/2014,1.0803,17
676,29/07/2014,1.0854,17
677,30/07/2014,1.0911,17
678,31/07/2014,1.0894,17
679,01/08/2014,1.0916,17
680,04/08/2014,1.0914,17
681,05/08/2014,1.0961,17
682,06/08/2014,1.0924,17
683,07/08/2014,1.0927,17
684,08/08/2014,1.0973,17
685,11/08/2014,1.092,17
686,12/08/2014,1.0942,17
687,13/08/2014,1.0921,17
688,14/08/2014,1.0905,17
689,15/08/2014,1.0897,17
690,18/08/2014,1.0891,17
691,19/08/2014,1.0945,17
692,20/08/2014,1.0947,17
693,21/08/2014,1.0952,17
694,22/08/2014,1.0943,17
695,25/08/2014,1.0979,17
696,26/08/2014,1.0951,17
697,27/08/2014,1.0889,17
698,28/08/2014,1.0856,17
699,29/08/2014,1.0878,17
700,01/09/2014,1.0863,17
701,02/09/2014,1.0922,17
702,03/09/2014,1.0874,17
703,04/09/2014,1.0869,17
704,05/09/2014,1.088,17
705,08/09/2014,1.0961,17
706,09/09/2014,1.101,17
707,10/09/2014,1.0957,17
708,11/09/2014,1.1037,17
709,12/09/2014,1.1093,17
710,15/09/2014,1.1045,17
711,16/09/2014,1.0987,17
712,17/09/2014,1.0936,17
713,18/09/2014,1.0957,17
714,19/09/2014,1.0963,17
715,22/09/2014,1.1019,17
716,23/09/2014,1.1083,17
717,24/09/2014,1.1077,17
718,25/09/2014,1.1108,17
719,26/09/2014,1.1154,17
720,29/09/2014,1.1146,17
721,30/09/2014,1.1209,17
722,01/10/2014,1.1182,17
723,02/10/2014,1.1147,17
724,03/10/2014,1.1244,17
725,06/10/2014,1.119,17
726,07/10/2014,1.1173,17
727,08/10/2014,1.1188,17
728,09/10/2014,1.1162,17
729,10/10/2014,1.1199,17
730,13/10/2014,1.1206,17
731,14/10/2014,1.1252,17
732,15/10/2014,1.1286,17
733,16/10/2014,1.1252,17
734,17/10/2014,1.1277,17
735,20/10/2014,1.1278,17
736,21/10/2014,1.1216,17
737,22/10/2014,1.1209,17
738,23/10/2014,1.1232,17
739,24/10/2014,1.1231,17
740,27/10/2014,1.1243,17
741,28/10/2014,1.1194,17
742,29/10/2014,1.1145,17
743,30/10/2014,1.1197,17
744,31/10/2014,1.1266,17
745,03/11/2014,1.1339,17
746,04/11/2014,1.1397,17
747,05/11/2014,1.1385,17
748,06/11/2014,1.1442,17
749,07/11/2014,1.1329,17
750,10/11/2014,1.1348,17
751,11/11/2014,1.1339,17
752,12/11/2014,1.1295,17
753,13/11/2014,1.1368,17
754,14/11/2014,1.1287,17
755,17/11/2014,1.1305,17
756,18/11/2014,1.1303,17
757,19/11/2014,1.1341,17
758,20/11/2014,1.1299,17
759,21/11/2014,1.1233,17
760,24/11/2014,1.129,17
761,25/11/2014,1.1244,17
762,26/11/2014,1.1236,17
763,27/11/2014,1.1343,17
764,28/11/2014,1.1416,17
765,01/12/2014,1.1335,17
766,02/12/2014,1.1395,17
767,03/12/2014,1.137,17
768,04/12/2014,1.138,17
769,05/12/2014,1.1435,17
770,08/12/2014,1.1477,17
771,09/12/2014,1.1435,17
772,10/12/2014,1.1475,17
773,11/12/2014,1.1529,17
774,12/12/2014,1.1581,17
775,15/12/2014,1.1642,17
776,16/12/2014,1.1625,17
777,17/12/2014,1.1609,17
778,18/12/2014,1.1602,17
779,19/12/2014,1.16,17
780,22/12/2014,1.1639,17
781,23/12/2014,1.1612,17
782,24/12/2014,1.1624,17
783,25/12/2014,1.1626,17
784,26/12/2014,1.1627,17
785,29/12/2014,1.1641,17
786,30/12/2014,1.1604,17
787,31/12/2014,1.1615,17
788,01/01/2015,1.1622,17
789,02/01/2015,1.1785,17
790,05/01/2015,1.1785,17
791,06/01/2015,1.1814,17
792,07/01/2015,1.1852,17
793,08/01/2015,1.1817,17
794,09/01/2015,1.1867,17
795,12/01/2015,1.1937,17
796,13/01/2015,1.1947,17
797,14/01/2015,1.1969,17
798,15/01/2015,1.1928,17
799,16/01/2015,1.1984,17
800,19/01/2015,1.1959,17
801,20/01/2015,1.2093,17
802,21/01/2015,1.2365,17
803,22/01/2015,1.238,17
804,23/01/2015,1.242,17
805,26/01/2015,1.2426,17
806,27/01/2015,1.241,17
807,28/01/2015,1.2451,17
808,29/01/2015,1.265,17
809,30/01/2015,1.2732,17
810,02/02/2015,1.258,17
811,03/02/2015,1.2433,17
812,04/02/2015,1.2562,17
813,05/02/2015,1.2433,17
814,06/02/2015,1.2527,17
815,09/02/2015,1.2465,17
816,10/02/2015,1.2557,17
817,11/02/2015,1.2636,17
818,12/02/2015,1.2492,17
819,13/02/2015,1.2448,17
820,16/02/2015,1.2475,17
821,17/02/2015,1.2397,17
822,18/02/2015,1.2443,17
823,19/02/2015,1.2494,17
824,20/02/2015,1.2531,17
825,23/02/2015,1.2586,17
826,24/02/2015,1.2609,17
827,25/02/2015,1.2436,17
828,26/02/2015,1.2504,17
829,27/02/2015,1.2515,17
830,02/03/2015,1.2539,17
831,03/03/2015,1.2461,17
832,04/03/2015,1.2427,17
833,05/03/2015,1.2496,17
834,06/03/2015,1.2624,17
835,09/03/2015,1.2598,17
836,10/03/2015,1.2657,17
837,11/03/2015,1.2774,17
838,12/03/2015,1.2699,17
839,13/03/2015,1.2783,17
840,16/03/2015,1.2767,17
841,17/03/2015,1.2769,17
842,18/03/2015,1.2733,17
843,19/03/2015,1.2747,17
844,20/03/2015,1.2552,17
845,23/03/2015,1.2512,17
846,24/03/2015,1.249,17
847,25/03/2015,1.2516,17
848,26/03/2015,1.2489,17
849,27/03/2015,1.2609,17
850,30/03/2015,1.2694,17
851,31/03/2015,1.2678,17
852,01/04/2015,1.2595,17
853,02/04/2015,1.2583,17
854,03/04/2015,1.2484,17
855,06/04/2015,1.245,17
856,07/04/2015,1.2488,17
857,08/04/2015,1.2508,17
858,09/04/2015,1.2571,17
859,10/04/2015,1.2566,17
860,13/04/2015,1.2595,17
861,14/04/2015,1.249,17
862,15/04/2015,1.2364,17
863,16/04/2015,1.221,17
864,17/04/2015,1.2246,17
865,20/04/2015,1.2223,17
866,21/04/2015,1.2281,17
867,22/04/2015,1.2235,17
868,23/04/2015,1.2133,17
869,24/04/2015,1.2174,17
870,27/04/2015,1.2102,17
871,28/04/2015,1.2025,17
872,29/04/2015,1.1974,17
873,30/04/2015,1.2091,17
874,01/05/2015,1.2159,17
875,04/05/2015,1.211,17
876,05/05/2015,1.2038,17
877,06/05/2015,1.2033,17
878,07/05/2015,1.2151,17
879,08/05/2015,1.2071,17
880,11/05/2015,1.2104,17
881,12/05/2015,1.198,17
882,13/05/2015,1.1937,17
883,14/05/2015,1.2002,17
884,15/05/2015,1.2014,17
885,18/05/2015,1.2144,17
886,19/05/2015,1.2226,17
887,20/05/2015,1.2205,17
888,21/05/2015,1.2198,17
889,22/05/2015,1.2279,17
890,25/05/2015,1.2312,17
891,26/05/2015,1.2431,17
892,27/05/2015,1.2489,17
893,28/05/2015,1.2462,17
894,29/05/2015,1.2454,17
895,01/06/2015,1.2551,17
896,02/06/2015,1.2386,17
897,03/06/2015,1.2453,17
898,04/06/2015,1.2474,17
899,05/06/2015,1.2444,17
900,08/06/2015,1.2437,17
901,09/06/2015,1.233,17
902,10/06/2015,1.228,17
903,11/06/2015,1.2322,17
904,12/06/2015,1.2322,17
905,15/06/2015,1.2306,17
906,16/06/2015,1.2338,17
907,17/06/2015,1.2316,17
908,18/06/2015,1.2228,17
909,19/06/2015,1.2267,17
910,22/06/2015,1.2312,17
911,23/06/2015,1.2333,17
912,24/06/2015,1.2391,17
913,25/06/2015,1.2347,17
914,26/06/2015,1.2321,17
915,29/06/2015,1.2391,17
916,30/06/2015,1.2483,17
917,01/07/2015,1.2564,17
918,02/07/2015,1.2547,17
919,03/07/2015,1.2574,17
920,06/07/2015,1.2625,17
921,07/07/2015,1.2752,17
922,08/07/2015,1.2751,17
923,09/07/2015,1.2722,17
924,10/07/2015,1.2658,17
925,13/07/2015,1.2743,17
926,14/07/2015,1.2744,17
927,15/07/2015,1.2945,17
928,16/07/2015,1.295,17
929,17/07/2015,1.2972,17
930,20/07/2015,1.299,17
931,21/07/2015,1.2932,17
932,22/07/2015,1.3017,17
933,23/07/2015,1.3028,17
934,24/07/2015,1.3049,17
935,27/07/2015,1.3034,17
936,28/07/2015,1.2932,17
937,29/07/2015,1.2897,17
938,30/07/2015,1.3004,17
939,31/07/2015,1.3091,17
940,03/08/2015,1.3152,17
941,04/08/2015,1.3128,17
942,05/08/2015,1.3187,17
943,06/08/2015,1.3131,17
944,07/08/2015,1.3131,17
945,10/08/2015,1.3015,17
946,11/08/2015,1.313,17
947,12/08/2015,1.2972,17
948,13/08/2015,1.3074,17
949,14/08/2015,1.3088,17
950,17/08/2015,1.3084,17
951,18/08/2015,1.3069,17
952,19/08/2015,1.3168,17
953,20/08/2015,1.3095,17
954,21/08/2015,1.3189,17
955,24/08/2015,1.3196,17
956,25/08/2015,1.3315,17
957,26/08/2015,1.3313,17
958,27/08/2015,1.3197,17
959,28/08/2015,1.32,17
960,31/08/2015,1.3211,17
961,01/09/2015,1.3176,17
962,02/09/2015,1.3269,17
963,03/09/2015,1.3192,17
964,04/09/2015,1.3282,17
965,07/09/2015,1.3307,17
966,08/09/2015,1.3224,17
967,09/09/2015,1.3226,17
968,10/09/2015,1.3217,17
969,11/09/2015,1.3264,17
970,14/09/2015,1.3272,17
971,15/09/2015,1.326,17
972,16/09/2015,1.3174,17
973,17/09/2015,1.3195,17
974,18/09/2015,1.3226,17
975,21/09/2015,1.3253,17
976,22/09/2015,1.3276,17
977,23/09/2015,1.3343,17
978,24/09/2015,1.3354,17
979,25/09/2015,1.3337,17
980,28/09/2015,1.3349,17
981,29/09/2015,1.3453,17
982,30/09/2015,1.3397,17
983,01/10/2015,1.3266,17
984,02/10/2015,1.3152,17
985,05/10/2015,1.31,17
986,06/10/2015,1.3041,17
987,07/10/2015,1.3047,17
988,08/10/2015,1.3022,17
989,09/10/2015,1.2945,17
990,12/10/2015,1.2966,17
991,13/10/2015,1.3003,17
992,14/10/2015,1.297,17
993,15/10/2015,1.2858,17
994,16/10/2015,1.2914,17
995,19/10/2015,1.3004,17
996,20/10/2015,1.2975,17
997,21/10/2015,1.3114,17
998,22/10/2015,1.3099,17
999,23/10/2015,1.3166,17
1000,26/10/2015,1.3141,17
1001,27/10/2015,1.3257,17
1002,28/10/2015,1.3108,17
1003,29/10/2015,1.3162,17
1004,30/10/2015,1.308,17
1005,02/11/2015,1.3099,17
1006,03/11/2015,1.3069,17
1007,04/11/2015,1.3169,17
1008,05/11/2015,1.3158,17
1009,06/11/2015,1.3306,17
1010,09/11/2015,1.3279,17
1011,10/11/2015,1.3248,17
1012,11/11/2015,1.3279,17
1013,12/11/2015,1.3308,17
1014,13/11/2015,1.3323,17
1015,16/11/2015,1.334,17
1016,17/11/2015,1.3313,17
1017,18/11/2015,1.336,17
1018,19/11/2015,1.3286,17
1019,20/11/2015,1.3346,17
1020,23/11/2015,1.3355,17
1021,24/11/2015,1.3305,17
1022,25/11/2015,1.3303,17
1023,26/11/2015,1.3289,17
1024,27/11/2015,1.3371,17
1025,30/11/2015,1.3352,17
1026,01/12/2015,1.3377,17
1027,02/12/2015,1.3363,17
1028,03/12/2015,1.3377,17
1029,04/12/2015,1.3362,17
1030,07/12/2015,1.3521,17
1031,08/12/2015,1.3588,17
1032,09/12/2015,1.36,17
1033,10/12/2015,1.3613,17
1034,11/12/2015,1.3756,17
1035,14/12/2015,1.3738,17
1036,15/12/2015,1.3702,17
1037,16/12/2015,1.3788,17
1038,17/12/2015,1.3955,17
1039,18/12/2015,1.3957,17
1040,21/12/2015,1.3977,17
1041,22/12/2015,1.3936,17
1042,23/12/2015,1.3848,17
1043,24/12/2015,1.3853,17
1044,25/12/2015,1.3824,17
1045,28/12/2015,1.3902,17
1046,29/12/2015,1.3836,17
1047,30/12/2015,1.3889,17
1048,31/12/2015,1.3828,17
1049,01/01/2016,1.3855,17
1050,04/01/2016,1.396,17
1051,05/01/2016,1.4001,17
1052,06/01/2016,1.4092,17
1053,07/01/2016,1.406,17
1054,08/01/2016,1.4172,17
1055,11/01/2016,1.4235,17
1056,12/01/2016,1.4292,17
1057,13/01/2016,1.4299,17
1058,14/01/2016,1.4371,17
1059,15/01/2016,1.4541,17
1060,18/01/2016,1.4536,17
1061,19/01/2016,1.4523,17
1062,20/01/2016,1.4577,17
1063,21/01/2016,1.4293,17
1064,22/01/2016,1.4119,17
1065,25/01/2016,1.4236,17
1066,26/01/2016,1.4064,17
1067,27/01/2016,1.4059,17
1068,28/01/2016,1.4045,17
1069,29/01/2016,1.3976,17
1070,01/02/2016,1.4007,17
1071,02/02/2016,1.4027,17
1072,03/02/2016,1.3831,17
1073,04/02/2016,1.3726,17
1074,05/02/2016,1.3917,17
1075,08/02/2016,1.3908,17
1076,09/02/2016,1.3828,17
1077,10/02/2016,1.3948,17
1078,11/02/2016,1.3951,17
1079,12/02/2016,1.385,17
1080,15/02/2016,1.3827,17
1081,16/02/2016,1.3854,17
1082,17/02/2016,1.3692,17
1083,18/02/2016,1.3722,17
1084,19/02/2016,1.3766,17
1085,22/02/2016,1.3687,17
1086,23/02/2016,1.3781,17
1087,24/02/2016,1.3747,17
1088,25/02/2016,1.357,17
1089,26/02/2016,1.3513,17
1090,29/02/2016,1.3533,17
1091,01/03/2016,1.3426,17
1092,02/03/2016,1.3446,17
1093,03/03/2016,1.3402,17
1094,04/03/2016,1.3317,17
1095,07/03/2016,1.3268,17
1096,08/03/2016,1.3384,17
1097,09/03/2016,1.3245,17
1098,10/03/2016,1.3388,17
1099,11/03/2016,1.3209,17
1100,14/03/2016,1.3286,17
1101,15/03/2016,1.3351,17
1102,16/03/2016,1.3337,17
1103,17/03/2016,1.3004,17
1104,18/03/2016,1.3004,17
1105,21/03/2016,1.3074,17
1106,22/03/2016,1.3054,17
1107,23/03/2016,1.3194,17
1108,24/03/2016,1.324,17
1109,25/03/2016,1.327,17
1110,28/03/2016,1.3189,17
1111,29/03/2016,1.3109,17
1112,30/03/2016,1.2983,17
1113,31/03/2016,1.2976,17
1114,01/04/2016,1.3011,17
1115,04/04/2016,1.304,17
1116,05/04/2016,1.3172,17
1117,06/04/2016,1.3102,17
1118,07/04/2016,1.317,17
1119,08/04/2016,1.2988,17
1120,11/04/2016,1.2898,17
1121,12/04/2016,1.2794,17
1122,13/04/2016,1.28,17
1123,14/04/2016,1.2836,17
1124,15/04/2016,1.2822,17
1125,18/04/2016,1.2804,17
1126,19/04/2016,1.2671,17
1127,20/04/2016,1.2626,17
1128,21/04/2016,1.272,17
1129,22/04/2016,1.2672,17
1130,25/04/2016,1.2682,17
1131,26/04/2016,1.2629,17
1132,27/04/2016,1.2636,17
1133,28/04/2016,1.2548,17
1134,29/04/2016,1.2556,17
1135,02/05/2016,1.2526,17
1136,03/05/2016,1.2689,17
1137,04/05/2016,1.2874,17
1138,05/05/2016,1.2843,17
1139,06/05/2016,1.2909,17
1140,09/05/2016,1.3001,17
1141,10/05/2016,1.2952,17
1142,11/05/2016,1.2848,17
1143,12/05/2016,1.2827,17
1144,13/05/2016,1.294,17
1145,16/05/2016,1.2887,17
1146,17/05/2016,1.2903,17
1147,18/05/2016,1.2915,17
1148,19/05/2016,1.3113,17
1149,20/05/2016,1.3113,17
1150,23/05/2016,1.3133,17
1151,24/05/2016,1.3129,17
1152,25/05/2016,1.3081,17
1153,26/05/2016,1.2994,17
1154,27/05/2016,1.3021,17
1155,30/05/2016,1.3048,17
1156,31/05/2016,1.3098,17
1157,01/06/2016,1.3098,17
1158,02/06/2016,1.3082,17
1159,03/06/2016,1.2937,17
1160,06/06/2016,1.2844,17
1161,07/06/2016,1.2795,17
1162,08/06/2016,1.2708,17
1163,09/06/2016,1.2728,17
1164,10/06/2016,1.2783,17
1165,13/06/2016,1.2771,17
1166,14/06/2016,1.2857,17
1167,15/06/2016,1.2931,17
1168,16/06/2016,1.2966,17
1169,17/06/2016,1.2894,17
1170,20/06/2016,1.2806,17
1171,21/06/2016,1.2811,17
1172,22/06/2016,1.2794,17
1173,23/06/2016,1.2784,17
1174,24/06/2016,1.3004,17
1175,27/06/2016,1.3085,17
1176,28/06/2016,1.3079,17
1177,29/06/2016,1.2992,17
1178,30/06/2016,1.2979,17
1179,01/07/2016,1.2912,17
1180,04/07/2016,1.2855,17
1181,05/07/2016,1.2942,17
1182,06/07/2016,1.2987,17
1183,07/07/2016,1.2995,17
1184,08/07/2016,1.3044,17
1185,11/07/2016,1.313,17
1186,12/07/2016,1.2991,17
1187,13/07/2016,1.2966,17
1188,14/07/2016,1.2875,17
1189,15/07/2016,1.2974,17
1190,18/07/2016,1.2974,17
1191,19/07/2016,1.3032,17
1192,20/07/2016,1.3047,17
1193,21/07/2016,1.3061,17
1194,22/07/2016,1.3127,17
1195,25/07/2016,1.321,17
1196,26/07/2016,1.3209,17
1197,27/07/2016,1.3214,17
1198,28/07/2016,1.3182,17
1199,29/07/2016,1.303,17
1200,01/08/2016,1.3095,17
1201,02/08/2016,1.3113,17
1202,03/08/2016,1.3067,17
1203,04/08/2016,1.3004,17
1204,05/08/2016,1.3172,17
1205,08/08/2016,1.3157,17
1206,09/08/2016,1.3127,17
1207,10/08/2016,1.3046,17
1208,11/08/2016,1.2974,17
1209,12/08/2016,1.2951,17
1210,15/08/2016,1.2919,17
1211,16/08/2016,1.2852,17
1212,17/08/2016,1.2875,17
1213,18/08/2016,1.2786,17
1214,19/08/2016,1.2871,17
1215,22/08/2016,1.2948,17
1216,23/08/2016,1.29,17
1217,24/08/2016,1.2926,17
1218,25/08/2016,1.2931,17
1219,26/08/2016,1.3003,17
1220,29/08/2016,1.3031,17
1221,30/08/2016,1.3069,17
1222,31/08/2016,1.3126,17
1223,01/09/2016,1.3108,17
1224,02/09/2016,1.2993,17
1225,05/09/2016,1.2929,17
1226,06/09/2016,1.2842,17
1227,07/09/2016,1.2898,17
1228,08/09/2016,1.2923,17
1229,09/09/2016,1.3049,17
1230,12/09/2016,1.3075,17
1231,13/09/2016,1.3176,17
1232,14/09/2016,1.3193,17
1233,15/09/2016,1.3151,17
1234,16/09/2016,1.3212,17
1235,19/09/2016,1.32,17
1236,20/09/2016,1.3236,17
1237,21/09/2016,1.3194,17
1238,22/09/2016,1.3055,17
1239,23/09/2016,1.3172,17
1240,26/09/2016,1.3207,17
1241,27/09/2016,1.3213,17
1242,28/09/2016,1.3217,17
1243,29/09/2016,1.3129,17
1244,30/09/2016,1.3127,17
1245,03/10/2016,1.3115,17
1246,04/10/2016,1.3207,17
1247,05/10/2016,1.317,17
1248,06/10/2016,1.3208,17
1249,07/10/2016,1.3296,17
1250,10/10/2016,1.3178,17
1251,11/10/2016,1.3236,17
1252,12/10/2016,1.3241,17
1253,13/10/2016,1.3213,17
1254,14/10/2016,1.3139,17
1255,17/10/2016,1.3131,17
1256,18/10/2016,1.3108,17
1257,19/10/2016,1.3118,17
1258,20/10/2016,1.3198,17
1259,21/10/2016,1.3332,17
1260,24/10/2016,1.3389,17
1261,25/10/2016,1.3332,17
1262,26/10/2016,1.3363,17
1263,27/10/2016,1.3389,17
1264,28/10/2016,1.3398,17
1265,31/10/2016,1.3405,17
1266,01/11/2016,1.3382,17
1267,02/11/2016,1.3379,17
1268,03/11/2016,1.3395,17
1269,04/11/2016,1.3404,17
1270,07/11/2016,1.3383,17
1271,08/11/2016,1.3332,17
1272,09/11/2016,1.3419,17
1273,10/11/2016,1.3449,17
1274,11/11/2016,1.3542,17
1275,14/11/2016,1.3571,17
1276,15/11/2016,1.3469,17
1277,16/11/2016,1.3413,17
1278,17/11/2016,1.3476,17
1279,18/11/2016,1.3505,17
1280,21/11/2016,1.3421,17
1281,22/11/2016,1.3464,17
1282,23/11/2016,1.3484,17
1283,24/11/2016,1.3496,17
1284,25/11/2016,1.3519,17
1285,28/11/2016,1.3404,17
1286,29/11/2016,1.3429,17
1287,30/11/2016,1.3409,17
1288,01/12/2016,1.3327,17
1289,02/12/2016,1.3292,17
1290,05/12/2016,1.3237,17
1291,06/12/2016,1.3283,17
1292,07/12/2016,1.3245,17
1293,08/12/2016,1.322,17
1294,09/12/2016,1.3179,17
1295,12/12/2016,1.3122,17
1296,13/12/2016,1.3119,17
1297,14/12/2016,1.3144,17
1298,15/12/2016,1.3359,17
1299,16/12/2016,1.3336,17
1300,19/12/2016,1.3393,17
1301,20/12/2016,1.3367,17
1302,21/12/2016,1.3412,17
1303,22/12/2016,1.3492,17
1304,23/12/2016,1.3533,17
1305,26/12/2016,1.3507,17
1306,27/12/2016,1.3558,17
1307,28/12/2016,1.3574,17
1308,29/12/2016,1.3513,17
1309,30/12/2016,1.3441,17
1310,02/01/2017,1.3433,17
1311,03/01/2017,1.3428,17
1312,04/01/2017,1.3299,17
1313,05/01/2017,1.3223,17
1314,06/01/2017,1.3237,17
1315,09/01/2017,1.3211,17
1316,10/01/2017,1.3208,17
1317,11/01/2017,1.3189,17
1318,12/01/2017,1.3125,17
1319,13/01/2017,1.3114,17
1320,16/01/2017,1.3156,17
1321,17/01/2017,1.3054,17
1322,18/01/2017,1.322,17
1323,19/01/2017,1.3334,17
1324,20/01/2017,1.332,17
1325,23/01/2017,1.3269,17
1326,24/01/2017,1.3138,17
1327,25/01/2017,1.3066,17
1328,26/01/2017,1.3094,17
1329,27/01/2017,1.3153,17
1330,30/01/2017,1.3098,17
1331,31/01/2017,1.3038,17
1332,01/02/2017,1.3096,17
1333,02/02/2017,1.3026,17
1334,03/02/2017,1.3023,17
1335,06/02/2017,1.3115,17
1336,07/02/2017,1.3177,17
1337,08/02/2017,1.316,17
1338,09/02/2017,1.3116,17
1339,10/02/2017,1.3083,17
1340,13/02/2017,1.3079,17
1341,14/02/2017,1.308,17
1342,15/02/2017,1.3087,17
1343,16/02/2017,1.3053,17
1344,17/02/2017,1.3096,17
1345,20/02/2017,1.3098,17
1346,21/02/2017,1.3155,17
1347,22/02/2017,1.3188,17
1348,23/02/2017,1.3112,17
1349,24/02/2017,1.3091,17
1350,27/02/2017,1.3116,17
1351,28/02/2017,1.3278,17
1352,01/03/2017,1.3333,17
1353,02/03/2017,1.3393,17
1354,03/03/2017,1.338,17
1355,06/03/2017,1.3423,17
1356,07/03/2017,1.3414,17
1357,08/03/2017,1.3494,17
1358,09/03/2017,1.3512,17
1359,10/03/2017,1.3471,17
1360,13/03/2017,1.3439,17
1361,14/03/2017,1.3488,17
1362,15/03/2017,1.3465,17
1363,16/03/2017,1.3329,17
1364,17/03/2017,1.335,17
1365,20/03/2017,1.3355,17
1366,21/03/2017,1.3347,17
1367,22/03/2017,1.3335,17
1368,23/03/2017,1.3336,17
1369,24/03/2017,1.3378,17
1370,27/03/2017,1.3368,17
1371,28/03/2017,1.3367,17
1372,29/03/2017,1.3371,17
1373,30/03/2017,1.3294,17
1374,31/03/2017,1.3318,17
1375,03/04/2017,1.3389,17
1376,04/04/2017,1.3414,17
1377,05/04/2017,1.3423,17
1378,06/04/2017,1.3414,17
1379,07/04/2017,1.3398,17
1380,10/04/2017,1.3342,17
1381,11/04/2017,1.3326,17
1382,12/04/2017,1.3307,17
1383,13/04/2017,1.3287,17
1384,14/04/2017,1.3325,17
1385,17/04/2017,1.3293,17
1386,18/04/2017,1.3393,17
1387,19/04/2017,1.3465,17
1388,20/04/2017,1.3481,17
1389,21/04/2017,1.3498,17
1390,24/04/2017,1.3515,17
1391,25/04/2017,1.3603,17
1392,26/04/2017,1.361,17
1393,27/04/2017,1.3631,17
1394,28/04/2017,1.3653,17
1395,01/05/2017,1.3664,17
1396,02/05/2017,1.3731,17
1397,03/05/2017,1.3717,17
1398,04/05/2017,1.3736,17
1399,05/05/2017,1.3652,17
1400,08/05/2017,1.3712,17
1401,09/05/2017,1.3743,17
1402,10/05/2017,1.3659,17
1403,11/05/2017,1.3703,17
1404,12/05/2017,1.371,17
1405,15/05/2017,1.3646,17
1406,16/05/2017,1.3589,17
1407,17/05/2017,1.3611,17
1408,18/05/2017,1.3598,17
1409,19/05/2017,1.3511,17
1410,22/05/2017,1.3509,17
1411,23/05/2017,1.3508,17
1412,24/05/2017,1.3469,17
1413,25/05/2017,1.3466,17
1414,26/05/2017,1.3446,17
1415,29/05/2017,1.3443,17
1416,30/05/2017,1.3466,17
1417,31/05/2017,1.3514,17
1418,01/06/2017,1.3499,17
1419,02/06/2017,1.3487,17
1420,05/06/2017,1.3476,17
1421,06/06/2017,1.3455,17
1422,07/06/2017,1.3513,17
1423,08/06/2017,1.3501,17
1424,09/06/2017,1.347,17
1425,12/06/2017,1.3465,17
1426,13/06/2017,1.3238,17
1427,14/06/2017,1.3212,17
1428,15/06/2017,1.3287,17
1429,16/06/2017,1.3213,17
1430,19/06/2017,1.3219,17
1431,20/06/2017,1.327,17
1432,21/06/2017,1.3336,17
1433,22/06/2017,1.3238,17
1434,23/06/2017,1.3267,17
1435,26/06/2017,1.3244,17
1436,27/06/2017,1.3195,17
1437,28/06/2017,1.3049,17
1438,29/06/2017,1.3025,17
1439,30/06/2017,1.2964,17
1440,03/07/2017,1.2999,17
1441,04/07/2017,1.2933,17
1442,05/07/2017,1.2985,17
1443,06/07/2017,1.2944,17
1444,07/07/2017,1.2876,17
1445,10/07/2017,1.2882,17
1446,11/07/2017,1.2929,17
1447,12/07/2017,1.2723,17
1448,13/07/2017,1.2737,17
1449,14/07/2017,1.2644,17
1450,17/07/2017,1.2679,17
1451,18/07/2017,1.2654,17
1452,19/07/2017,1.2598,17
1453,20/07/2017,1.2581,17
1454,21/07/2017,1.2539,17
1455,24/07/2017,1.2517,17
1456,25/07/2017,1.2504,17
1457,26/07/2017,1.2511,17
1458,27/07/2017,1.2522,17
1459,28/07/2017,1.2433,17
1460,31/07/2017,1.2488,17
1461,01/08/2017,1.2533,17
1462,02/08/2017,1.2545,17
1463,03/08/2017,1.2567,17
1464,04/08/2017,1.2645,17
1465,07/08/2017,1.268,17
1466,08/08/2017,1.2676,17
1467,09/08/2017,1.2703,17
1468,10/08/2017,1.272,17
1469,11/08/2017,1.2677,17
1470,14/08/2017,1.2706,17
1471,15/08/2017,1.2756,17
1472,16/08/2017,1.2711,17
1473,17/08/2017,1.2654,17
1474,18/08/2017,1.2585,17
1475,21/08/2017,1.2574,17
1476,22/08/2017,1.2565,17
1477,23/08/2017,1.2562,17
1478,24/08/2017,1.2526,17
1479,25/08/2017,1.2481,17
1480,28/08/2017,1.2493,17
1481,29/08/2017,1.2526,17
1482,30/08/2017,1.2616,17
1483,31/08/2017,1.2526,17
1484,01/09/2017,1.2394,17
1485,04/09/2017,1.2408,17
1486,05/09/2017,1.2373,17
1487,06/09/2017,1.2229,17
1488,07/09/2017,1.2145,17
1489,08/09/2017,1.2159,17
1490,11/09/2017,1.2126,17
1491,12/09/2017,1.2163,17
1492,13/09/2017,1.2216,17
1493,14/09/2017,1.2203,17
1494,15/09/2017,1.2198,17
1495,18/09/2017,1.2233,17
1496,19/09/2017,1.2277,17
1497,20/09/2017,1.2256,17
1498,21/09/2017,1.2329,17
1499,22/09/2017,1.2339,17
1500,25/09/2017,1.2346,17
1501,26/09/2017,1.2384,17
1502,27/09/2017,1.2425,17
1503,28/09/2017,1.2438,17
1504,29/09/2017,1.2472,17
1505,02/10/2017,1.2512,17
1506,03/10/2017,1.2489,17
1507,04/10/2017,1.2482,17
1508,05/10/2017,1.2556,17
1509,06/10/2017,1.2529,17
1510,09/10/2017,1.2538,17
1511,10/10/2017,1.2496,17
1512,11/10/2017,1.25,17
1513,12/10/2017,1.2484,17
1514,13/10/2017,1.2468,17
1515,16/10/2017,1.2525,17
1516,17/10/2017,1.2556,17
1517,18/10/2017,1.2485,17
1518,19/10/2017,1.2473,17
1519,20/10/2017,1.2627,17
1520,23/10/2017,1.2643,17
1521,24/10/2017,1.2678,17
1522,25/10/2017,1.2803,17
1523,26/10/2017,1.2841,17
1524,27/10/2017,1.2808,17
1525,30/10/2017,1.2837,17
1526,31/10/2017,1.2898,17
1527,01/11/2017,1.2882,17
1528,02/11/2017,1.2814,17
1529,03/11/2017,1.2764,17
1530,06/11/2017,1.2728,17
1531,07/11/2017,1.2783,17
1532,08/11/2017,1.2727,17
1533,09/11/2017,1.2679,17
1534,10/11/2017,1.2682,17
1535,13/11/2017,1.2726,17
1536,14/11/2017,1.2741,17
1537,15/11/2017,1.278,17
1538,16/11/2017,1.274,17
1539,17/11/2017,1.2763,17
1540,20/11/2017,1.2788,17
1541,21/11/2017,1.2772,17
1542,22/11/2017,1.2729,17
1543,23/11/2017,1.2713,17
1544,24/11/2017,1.2712,17
1545,27/11/2017,1.2767,17
1546,28/11/2017,1.2806,17
1547,29/11/2017,1.2859,17
1548,30/11/2017,1.2901,17
1549,01/12/2017,1.2685,17
1550,04/12/2017,1.2702,17
1551,05/12/2017,1.2701,17
1552,06/12/2017,1.279,17
1553,07/12/2017,1.2822,17
1554,08/12/2017,1.2848,17
1555,11/12/2017,1.2854,17
1556,12/12/2017,1.2881,17
1557,13/12/2017,1.2866,17
1558,14/12/2017,1.2783,17
1559,15/12/2017,1.2866,17
1560,18/12/2017,1.2854,17
1561,19/12/2017,1.2886,17
1562,20/12/2017,1.2841,17
1563,21/12/2017,1.2706,17
1564,22/12/2017,1.2729,17
1565,25/12/2017,1.273,17
1566,26/12/2017,1.2695,17
1567,27/12/2017,1.2643,17
1568,28/12/2017,1.2592,17
1569,29/12/2017,1.2571,17
1570,01/01/2018,1.2571,17
1571,02/01/2018,1.2508,17
1572,03/01/2018,1.2537,17
1573,04/01/2018,1.2508,17
1574,05/01/2018,1.2412,17
1575,08/01/2018,1.2423,17
1576,09/01/2018,1.2462,17
1577,10/01/2018,1.2481,17
1578,11/01/2018,1.2527,17
1579,12/01/2018,1.2459,17
1580,15/01/2018,1.2413,17
1581,16/01/2018,1.2426,17
1582,17/01/2018,1.2404,17
1583,18/01/2018,1.2439,17
1584,19/01/2018,1.2493,17
1585,22/01/2018,1.2461,17
1586,23/01/2018,1.2461,17
1587,24/01/2018,1.2364,17
1588,25/01/2018,1.2321,17
1589,26/01/2018,1.2308,17
1590,29/01/2018,1.2336,17
1591,30/01/2018,1.233,17
1592,31/01/2018,1.2317,17
1593,01/02/2018,1.2289,17
1594,02/02/2018,1.2429,17
1595,05/02/2018,1.2489,17
1596,06/02/2018,1.2514,17
1597,07/02/2018,1.2568,17
1598,08/02/2018,1.2593,17
1599,09/02/2018,1.2581,17
1600,12/02/2018,1.2613,17
1601,13/02/2018,1.2602,17
1602,14/02/2018,1.2553,17
1603,15/02/2018,1.2509,17
1604,16/02/2018,1.2558,17
1605,19/02/2018,1.2559,17
1606,20/02/2018,1.2626,17
1607,21/02/2018,1.2666,17
1608,22/02/2018,1.2707,17
1609,23/02/2018,1.2633,17
1610,26/02/2018,1.2686,17
1611,27/02/2018,1.2737,17
1612,28/02/2018,1.2812,17
1613,01/03/2018,1.2872,17
1614,02/03/2018,1.2882,17
1615,05/03/2018,1.2978,17
1616,06/03/2018,1.2898,17
1617,07/03/2018,1.2975,17
1618,08/03/2018,1.2953,17
1619,09/03/2018,1.2812,17
1620,12/03/2018,1.2836,17
1621,13/03/2018,1.2937,17
1622,14/03/2018,1.2929,17
1623,15/03/2018,1.3043,17
1624,16/03/2018,1.3096,17
1625,19/03/2018,1.3064,17
1626,20/03/2018,1.3075,17
1627,21/03/2018,1.2953,17
1628,22/03/2018,1.2903,17
1629,23/03/2018,1.2895,17
1630,26/03/2018,1.2883,17
1631,27/03/2018,1.2865,17
1632,28/03/2018,1.2892,17
1633,29/03/2018,1.2901,17
1634,30/03/2018,1.29,17
1635,02/04/2018,1.2915,17
1636,03/04/2018,1.2792,17
1637,04/04/2018,1.2794,17
1638,05/04/2018,1.2775,17
1639,06/04/2018,1.2782,17
1640,09/04/2018,1.2706,17
1641,10/04/2018,1.2614,17
1642,11/04/2018,1.2573,17
1643,12/04/2018,1.2587,17
1644,13/04/2018,1.2608,17
1645,16/04/2018,1.2575,17
1646,17/04/2018,1.2533,17
1647,18/04/2018,1.2646,17
1648,19/04/2018,1.2645,17
1649,20/04/2018,1.2761,17
1650,23/04/2018,1.284,17
1651,24/04/2018,1.2828,17
1652,25/04/2018,1.2869,17
1653,26/04/2018,1.2863,17
1654,27/04/2018,1.2828,17
1655,30/04/2018,1.2825,17
1656,01/05/2018,1.2854,17
1657,02/05/2018,1.2857,17
1658,03/05/2018,1.285,17
1659,04/05/2018,1.2846,17
1660,07/05/2018,1.2849,17
1661,08/05/2018,1.2959,17
1662,09/05/2018,1.2849,17
1663,10/05/2018,1.2776,17
1664,11/05/2018,1.2795,17
1665,14/05/2018,1.277,17
1666,15/05/2018,1.2861,17
1667,16/05/2018,1.2798,17
1668,17/05/2018,1.2797,17
1669,18/05/2018,1.2885,17
1670,21/05/2018,1.2823,17
1671,22/05/2018,1.28,17
1672,23/05/2018,1.2886,17
1673,24/05/2018,1.289,17
1674,25/05/2018,1.2973,17
1675,28/05/2018,1.3007,17
1676,29/05/2018,1.3026,17
1677,30/05/2018,1.2862,17
1678,31/05/2018,1.2956,17
1679,01/06/2018,1.2951,17
1680,04/06/2018,1.2943,17
1681,05/06/2018,1.2993,17
1682,06/06/2018,1.2933,17
1683,07/06/2018,1.2976,17
1684,08/06/2018,1.2928,17
1685,11/06/2018,1.299,17
1686,12/06/2018,1.2997,17
1687,13/06/2018,1.2964,17
1688,14/06/2018,1.3077,17
1689,15/06/2018,1.3184,17
1690,18/06/2018,1.3231,17
1691,19/06/2018,1.3283,17
1692,20/06/2018,1.3305,17
1693,21/06/2018,1.3322,17
1694,22/06/2018,1.3269,17
1695,25/06/2018,1.3317,17
1696,26/06/2018,1.331,17
1697,27/06/2018,1.3311,17
1698,28/06/2018,1.3254,17
1699,29/06/2018,1.3133,17
1700,02/07/2018,1.3221,17
1701,03/07/2018,1.3166,17
1702,04/07/2018,1.3131,17
1703,05/07/2018,1.3122,17
1704,06/07/2018,1.3084,17
1705,09/07/2018,1.3117,17
1706,10/07/2018,1.3128,17
1707,11/07/2018,1.3152,17
1708,12/07/2018,1.3164,17
1709,13/07/2018,1.316,17
1710,16/07/2018,1.3133,17
1711,17/07/2018,1.3214,17
1712,18/07/2018,1.3181,17
1713,19/07/2018,1.3276,17
1714,20/07/2018,1.3145,17
1715,23/07/2018,1.3156,17
1716,24/07/2018,1.3162,17
1717,25/07/2018,1.3105,17
1718,26/07/2018,1.3063,17
1719,27/07/2018,1.3055,17
1720,30/07/2018,1.302,17
1721,31/07/2018,1.3009,17
1722,01/08/2018,1.3008,17
1723,02/08/2018,1.2998,17
1724,03/08/2018,1.2991,17
1725,06/08/2018,1.3003,17
1726,07/08/2018,1.3039,17
1727,08/08/2018,1.3073,17
1728,09/08/2018,1.3053,17
1729,10/08/2018,1.314,17
1730,13/08/2018,1.3149,17
1731,14/08/2018,1.3105,17
1732,15/08/2018,1.3143,17
1733,16/08/2018,1.3161,17
1734,17/08/2018,1.3061,17
1735,20/08/2018,1.3058,17
1736,21/08/2018,1.3023,17
1737,22/08/2018,1.3016,17
1738,23/08/2018,1.3061,17
1739,24/08/2018,1.3026,17
1740,27/08/2018,1.2961,17
1741,28/08/2018,1.2914,17
1742,29/08/2018,1.2918,17
1743,30/08/2018,1.2984,17
1744,31/08/2018,1.304,17
1745,03/09/2018,1.3096,17
1746,04/09/2018,1.3182,17
1747,05/09/2018,1.3195,17
1748,06/09/2018,1.3208,17
1749,07/09/2018,1.3161,17
1750,10/09/2018,1.3159,17
1751,11/09/2018,1.3134,17
1752,12/09/2018,1.2994,17
1753,13/09/2018,1.2995,17
1754,14/09/2018,1.3036,17
1755,17/09/2018,1.3011,17
1756,18/09/2018,1.2986,17
1757,19/09/2018,1.2936,17
1758,20/09/2018,1.2911,17
1759,21/09/2018,1.2916,17
1760,24/09/2018,1.2946,17
1761,25/09/2018,1.2946,17
1762,26/09/2018,1.297,17
1763,27/09/2018,1.3024,17
1764,28/09/2018,1.2908,17
1765,01/10/2018,1.2805,17
1766,02/10/2018,1.2816,17
1767,03/10/2018,1.2835,17
1768,04/10/2018,1.2928,17
1769,05/10/2018,1.2939,17
1770,08/10/2018,1.297,17
1771,09/10/2018,1.296,17
1772,10/10/2018,1.2996,17
1773,11/10/2018,1.3029,17
1774,12/10/2018,1.3024,17
1775,15/10/2018,1.2975,17
1776,16/10/2018,1.2923,17
1777,17/10/2018,1.3001,17
1778,18/10/2018,1.306,17
1779,19/10/2018,1.3104,17
1780,22/10/2018,1.3117,17
1781,23/10/2018,1.3091,17
1782,24/10/2018,1.299,17
1783,25/10/2018,1.3082,17
1784,26/10/2018,1.3106,17
1785,29/10/2018,1.3121,17
1786,30/10/2018,1.3141,17
1787,31/10/2018,1.3158,17
1788,01/11/2018,1.3093,17
1789,02/11/2018,1.311,17
1790,05/11/2018,1.311,17
1791,06/11/2018,1.3142,17
1792,07/11/2018,1.3102,17
1793,08/11/2018,1.3109,17
1794,09/11/2018,1.3212,17
1795,12/11/2018,1.3212,17
1796,13/11/2018,1.3243,17
1797,14/11/2018,1.3247,17
1798,15/11/2018,1.3203,17
1799,16/11/2018,1.3148,17
1800,19/11/2018,1.3181,17
1801,20/11/2018,1.3271,17
1802,21/11/2018,1.3271,17
1803,22/11/2018,1.32,17
1804,23/11/2018,1.3238,17
1805,26/11/2018,1.3237,17
1806,27/11/2018,1.3322,17
1807,28/11/2018,1.3276,17
1808,29/11/2018,1.3274,17
1809,30/11/2018,1.3292,17
1810,03/12/2018,1.3192,17
1811,04/12/2018,1.3232,17
1812,05/12/2018,1.3365,17
1813,06/12/2018,1.3391,17
1814,07/12/2018,1.3322,17
1815,10/12/2018,1.3389,17
1816,11/12/2018,1.3404,17
1817,12/12/2018,1.3329,17
1818,13/12/2018,1.335,17
1819,14/12/2018,1.3384,17
1820,17/12/2018,1.3401,17
1821,18/12/2018,1.3485,17
1822,19/12/2018,1.3449,17
1823,20/12/2018,1.3519,17
1824,21/12/2018,1.3602,17
1825,24/12/2018,1.3603,17
1826,25/12/2018,1.3602,17
1827,26/12/2018,1.3596,17
1828,27/12/2018,1.3642,17
1829,28/12/2018,1.3638,17
1830,31/12/2018,1.3624,17
1831,01/01/2019,1.3635,17
1832,02/01/2019,1.3581,17
1833,03/01/2019,1.3473,17
1834,04/01/2019,1.3374,17
1835,07/01/2019,1.3292,17
1836,08/01/2019,1.3298,17
1837,09/01/2019,1.3211,17
1838,10/01/2019,1.3237,17
1839,11/01/2019,1.3267,17
1840,14/01/2019,1.3267,17
1841,15/01/2019,1.3282,17
1842,16/01/2019,1.3242,17
1843,17/01/2019,1.3298,17
1844,18/01/2019,1.326,17
1845,21/01/2019,1.33,17
1846,22/01/2019,1.3336,17
1847,23/01/2019,1.3347,17
1848,24/01/2019,1.3356,17
1849,25/01/2019,1.3218,17
1850,28/01/2019,1.326,17
1851,29/01/2019,1.327,17
1852,30/01/2019,1.32,17
1853,31/01/2019,1.3146,17
1854,01/02/2019,1.3102,17
1855,04/02/2019,1.3134,17
1856,05/02/2019,1.3137,17
1857,06/02/2019,1.319,17
1858,07/02/2019,1.3312,17
1859,08/02/2019,1.3278,17
1860,11/02/2019,1.3294,17
1861,12/02/2019,1.3241,17
1862,13/02/2019,1.3236,17
1863,14/02/2019,1.3282,17
1864,15/02/2019,1.3244,17
1865,18/02/2019,1.323,17
1866,19/02/2019,1.3216,17
1867,20/02/2019,1.3164,17
1868,21/02/2019,1.3195,17
1869,22/02/2019,1.3135,17
1870,25/02/2019,1.3178,17
1871,26/02/2019,1.3181,17
1872,27/02/2019,1.3145,17
1873,28/02/2019,1.316,17
1874,01/03/2019,1.3297,17
1875,04/03/2019,1.3329,17
1876,05/03/2019,1.3353,17
1877,06/03/2019,1.344,17
1878,07/03/2019,1.344,17
1879,08/03/2019,1.3416,17
1880,11/03/2019,1.3413,17
1881,12/03/2019,1.3376,17
1882,13/03/2019,1.3321,17
1883,14/03/2019,1.3331,17
1884,15/03/2019,1.3336,17
1885,18/03/2019,1.336,17
1886,19/03/2019,1.3308,17
1887,20/03/2019,1.332,17
1888,21/03/2019,1.3367,17
1889,22/03/2019,1.3429,17
1890,25/03/2019,1.3418,17
1891,26/03/2019,1.3378,17
1892,27/03/2019,1.3408,17
1893,28/03/2019,1.3428,17
1894,29/03/2019,1.3349,17
1895,01/04/2019,1.3322,17
1896,02/04/2019,1.3361,17
1897,03/04/2019,1.3313,17
1898,04/04/2019,1.3353,17
1899,05/04/2019,1.3384,17
1900,08/04/2019,1.3311,17
1901,09/04/2019,1.3322,17
1902,10/04/2019,1.3312,17
1903,11/04/2019,1.3375,17
1904,12/04/2019,1.3323,17
1905,15/04/2019,1.3373,17
1906,16/04/2019,1.336,17
1907,17/04/2019,1.3344,17
1908,18/04/2019,1.3388,17
1909,19/04/2019,1.3391,17
1910,22/04/2019,1.3343,17
1911,23/04/2019,1.3432,17
1912,24/04/2019,1.3485,17
1913,25/04/2019,1.3494,17
1914,26/04/2019,1.3455,17
1915,29/04/2019,1.3443,17
1916,30/04/2019,1.3411,17
1917,01/05/2019,1.3427,17
1918,02/05/2019,1.3468,17
1919,03/05/2019,1.342,17
1920,06/05/2019,1.3453,17
1921,07/05/2019,1.3471,17
1922,08/05/2019,1.3466,17
1923,09/05/2019,1.348,17
1924,10/05/2019,1.3417,17
1925,13/05/2019,1.3476,17
1926,14/05/2019,1.3471,17
1927,15/05/2019,1.3439,17
1928,16/05/2019,1.3444,17
1929,17/05/2019,1.3458,17
1930,20/05/2019,1.3431,17
1931,21/05/2019,1.3418,17
1932,22/05/2019,1.3428,17
1933,23/05/2019,1.3474,17
1934,24/05/2019,1.3437,17
1935,27/05/2019,1.3443,17
1936,28/05/2019,1.3489,17
1937,29/05/2019,1.3519,17
1938,30/05/2019,1.3497,17
1939,31/05/2019,1.3516,17
1940,03/06/2019,1.347,17
1941,04/06/2019,1.3408,17
1942,05/06/2019,1.3417,17
1943,06/06/2019,1.3368,17
1944,07/06/2019,1.3267,17
1945,10/06/2019,1.3266,17
1946,11/06/2019,1.3292,17
1947,12/06/2019,1.331,17
1948,13/06/2019,1.3323,17
1949,14/06/2019,1.3414,17
1950,17/06/2019,1.3405,17
1951,18/06/2019,1.3379,17
1952,19/06/2019,1.3355,17
1953,20/06/2019,1.32,17
1954,21/06/2019,1.3222,17
1955,24/06/2019,1.3188,17
1956,25/06/2019,1.3192,17
1957,26/06/2019,1.3116,17
1958,27/06/2019,1.3102,17
1959,28/06/2019,1.3095,17
1960,01/07/2019,1.3139,17
1961,02/07/2019,1.3109,17
1962,03/07/2019,1.307,17
1963,04/07/2019,1.3064,17
1964,05/07/2019,1.3081,17
1965,08/07/2019,1.3088,17
1966,09/07/2019,1.3127,17
1967,10/07/2019,1.3089,17
1968,11/07/2019,1.3075,17
1969,12/07/2019,1.3028,17
1970,15/07/2019,1.3038,17
1971,16/07/2019,1.3058,17
1972,17/07/2019,1.3041,17
1973,18/07/2019,1.3079,17
1974,19/07/2019,1.3059,17
1975,22/07/2019,1.311,17
1976,23/07/2019,1.3136,17
1977,24/07/2019,1.3134,17
1978,25/07/2019,1.3157,17
1979,26/07/2019,1.3166,17
1980,29/07/2019,1.3155,17
1981,30/07/2019,1.317,17
1982,31/07/2019,1.3149,17
1983,01/08/2019,1.3186,17
1984,02/08/2019,1.3207,17
1985,05/08/2019,1.3186,17
1986,06/08/2019,1.3278,17
1987,07/08/2019,1.3331,17
1988,08/08/2019,1.3243,17
1989,09/08/2019,1.3222,17
1990,12/08/2019,1.3232,17
1991,13/08/2019,1.3227,17
1992,14/08/2019,1.3318,17
1993,15/08/2019,1.3328,17
1994,16/08/2019,1.3269,17
1995,19/08/2019,1.3317,17
1996,20/08/2019,1.3323,17
1997,21/08/2019,1.3277,17
1998,22/08/2019,1.3293,17
1999,23/08/2019,1.3283,17
2000,26/08/2019,1.3264,17
2001,27/08/2019,1.3284,17
2002,28/08/2019,1.3292,17
2003,29/08/2019,1.3301,17
2004,30/08/2019,1.3311,17
2005,02/09/2019,1.332,17
2006,03/09/2019,1.3327,17
2007,04/09/2019,1.3234,17
2008,05/09/2019,1.3235,17
2009,06/09/2019,1.3173,17
2010,09/09/2019,1.3151,17
2011,10/09/2019,1.3139,17
2012,11/09/2019,1.3199,17
2013,12/09/2019,1.3204,17
2014,13/09/2019,1.3288,17
2015,16/09/2019,1.3245,17
2016,17/09/2019,1.324,17
2017,18/09/2019,1.3278,17
2018,19/09/2019,1.3249,17
2019,20/09/2019,1.3263,17
2020,23/09/2019,1.3274,17
2021,24/09/2019,1.3244,17
2022,25/09/2019,1.3268,17
2023,26/09/2019,1.3272,17
2024,27/09/2019,1.3247,17
2025,30/09/2019,1.3241,17
2026,01/10/2019,1.3219,17
2027,02/10/2019,1.331,17
2028,03/10/2019,1.3329,17
2029,04/10/2019,1.3314,17
2030,07/10/2019,1.3313,17
2031,08/10/2019,1.3331,17
2032,09/10/2019,1.3328,17
2033,10/10/2019,1.3284,17
2034,11/10/2019,1.3203,17
2035,14/10/2019,1.3229,17
2036,15/10/2019,1.3199,17
2037,16/10/2019,1.3186,17
2038,17/10/2019,1.3138,17
2039,18/10/2019,1.3127,17
2040,21/10/2019,1.309,17
2041,22/10/2019,1.3083,17
2042,23/10/2019,1.3082,17
2043,24/10/2019,1.3082,17
2044,25/10/2019,1.3058,17
2045,28/10/2019,1.3055,17
2046,29/10/2019,1.3086,17
2047,30/10/2019,1.3173,17
2048,31/10/2019,1.3162,17
2049,01/11/2019,1.3142,17
2050,04/11/2019,1.3144,17
2051,05/11/2019,1.316,17
2052,06/11/2019,1.319,17
2053,07/11/2019,1.3177,17
2054,08/11/2019,1.3228,17
2055,11/11/2019,1.3216,17
2056,12/11/2019,1.3229,17
2057,13/11/2019,1.3244,17
2058,14/11/2019,1.3256,17
2059,15/11/2019,1.3223,17
2060,18/11/2019,1.3205,17
2061,19/11/2019,1.3234,17
2062,20/11/2019,1.3324,17
2063,21/11/2019,1.3279,17
2064,22/11/2019,1.3302,17
2065,25/11/2019,1.331,17
2066,26/11/2019,1.3277,17
2067,27/11/2019,1.3284,17
2068,28/11/2019,1.3283,17
2069,29/11/2019,1.3282,17
2070,02/12/2019,1.3299,17
2071,03/12/2019,1.3295,17
2072,04/12/2019,1.3195,17
2073,05/12/2019,1.3176,17
2074,06/12/2019,1.3255,17
2075,09/12/2019,1.3233,17
2076,10/12/2019,1.3236,17
2077,11/12/2019,1.3187,17
2078,12/12/2019,1.3184,17
2079,13/12/2019,1.3166,17
2080,16/12/2019,1.3144,17
2081,17/12/2019,1.3151,17
2082,18/12/2019,1.3118,17
2083,19/12/2019,1.3119,17
2084,20/12/2019,1.3161,17
2085,23/12/2019,1.3154,17
2086,24/12/2019,1.3158,17
2087,25/12/2019,1.3157,17
2088,26/12/2019,1.3118,17
2089,27/12/2019,1.3079,17
2090,30/12/2019,1.306,17
2091,31/12/2019,1.2978,17
2092,01/01/2020,1.2983,17
2093,02/01/2020,1.2997,17
2094,03/01/2020,1.3001,17
2095,06/01/2020,1.2966,17
2096,07/01/2020,1.3013,17
2097,08/01/2020,1.3028,17
2098,09/01/2020,1.3089,17
2099,10/01/2020,1.305,17
2100,13/01/2020,1.3049,17
2101,14/01/2020,1.3051,17
2102,15/01/2020,1.3038,17
2103,16/01/2020,1.3042,17
2104,17/01/2020,1.3066,17
2105,20/01/2020,1.305,17
2106,21/01/2020,1.3069,17
2107,22/01/2020,1.3151,17
2108,23/01/2020,1.3137,17
2109,24/01/2020,1.3143,17
2110,27/01/2020,1.3178,17
2111,28/01/2020,1.3179,17
2112,29/01/2020,1.32,17
2113,30/01/2020,1.3219,17
2114,31/01/2020,1.3237,17
2115,03/02/2020,1.3285,17
2116,04/02/2020,1.3276,17
2117,05/02/2020,1.3278,17
2118,06/02/2020,1.3289,17
2119,07/02/2020,1.3308,17
2120,10/02/2020,1.3323,17
2121,11/02/2020,1.3292,17
2122,12/02/2020,1.3246,17
2123,13/02/2020,1.3258,17
2124,14/02/2020,1.3252,17
2125,17/02/2020,1.3229,17
2126,18/02/2020,1.3255,17
2127,19/02/2020,1.3236,17
2128,20/02/2020,1.3259,17
2129,21/02/2020,1.3225,17
2130,24/02/2020,1.3273,17
2131,25/02/2020,1.3283,17
2132,26/02/2020,1.332,17
2133,27/02/2020,1.3362,17
2134,28/02/2020,1.3407,17
2135,02/03/2020,1.334,17
2136,03/03/2020,1.3369,17
2137,04/03/2020,1.3408,17
2138,05/03/2020,1.3426,17
2139,06/03/2020,1.3418,17
2140,09/03/2020,1.3603,17
2141,10/03/2020,1.3773,17
2142,11/03/2020,1.3753,17
2143,12/03/2020,1.3795,17
2144,13/03/2020,1.3806,17
2145,16/03/2020,1.3981,17
2146,17/03/2020,1.4213,17
2147,18/03/2020,1.4555,17
2148,19/03/2020,1.4476,17
2149,20/03/2020,1.4366,17
2150,23/03/2020,1.4499,17
2151,24/03/2020,1.4497,17
2152,25/03/2020,1.4237,17
2153,26/03/2020,1.4072,17
2154,27/03/2020,1.3985,17
2155,30/03/2020,1.4152,17
2156,31/03/2020,1.4186,17
2157,01/04/2020,1.4218,17
2158,02/04/2020,1.4141,17
2159,03/04/2020,1.4205,17
2160,06/04/2020,1.411,17
2161,07/04/2020,1.3957,17
2162,08/04/2020,1.4024,17
2163,09/04/2020,1.3969,17
2164,10/04/2020,1.3956,17
2165,13/04/2020,1.3932,17
2166,14/04/2020,1.3907,17
2167,15/04/2020,1.4094,17
2168,16/04/2020,1.4162,17
2169,17/04/2020,1.4001,17
2170,20/04/2020,1.4095,17
2171,21/04/2020,1.421,17
2172,22/04/2020,1.4161,17
2173,23/04/2020,1.4053,17
2174,24/04/2020,1.4103,17
2175,27/04/2020,1.406,17
2176,28/04/2020,1.3994,17
2177,29/04/2020,1.3927,17
2178,30/04/2020,1.3929,17
2179,01/05/2020,1.4089,17
2180,04/05/2020,1.4097,17
2181,05/05/2020,1.403,17
2182,06/05/2020,1.4133,17
2183,07/05/2020,1.398,17
2184,08/05/2020,1.3927,17
2185,11/05/2020,1.4016,17
2186,12/05/2020,1.4012,17
2187,13/05/2020,1.4089,17
2188,14/05/2020,1.4077,17
2189,15/05/2020,1.4109,17
2190,18/05/2020,1.3976,17
2191,19/05/2020,1.3891,17
2192,20/05/2020,1.3902,17
2193,21/05/2020,1.3961,17
2194,22/05/2020,1.3996,17
2195,25/05/2020,1.3985,17
2196,26/05/2020,1.3786,17
2197,27/05/2020,1.3787,17
2198,28/05/2020,1.3753,17
2199,29/05/2020,1.378,17
2200,01/06/2020,1.3597,17
2201,02/06/2020,1.3516,17
2202,03/06/2020,1.349,17
2203,04/06/2020,1.3514,17
2204,05/06/2020,1.3422,17
2205,08/06/2020,1.3393,17
2206,09/06/2020,1.3417,17
2207,10/06/2020,1.3393,17
2208,11/06/2020,1.3565,17
2209,12/06/2020,1.3589,17
2210,15/06/2020,1.3587,17
2211,16/06/2020,1.3569,17
2212,17/06/2020,1.3556,17
2213,18/06/2020,1.3609,17
2214,19/06/2020,1.3607,17
2215,22/06/2020,1.3534,17
2216,23/06/2020,1.3519,17
2217,24/06/2020,1.3587,17
2218,25/06/2020,1.3645,17
2219,26/06/2020,1.3688,17
2220,29/06/2020,1.3676,17
2221,30/06/2020,1.3616,17
2222,01/07/2020,1.358,17
2223,02/07/2020,1.3593,17
2224,03/07/2020,1.3547,17
2225,06/07/2020,1.3547,17
2226,07/07/2020,1.3587,17
2227,08/07/2020,1.3525,17
2228,09/07/2020,1.3577,17
2229,10/07/2020,1.3592,17
2230,13/07/2020,1.357,17
2231,14/07/2020,1.3623,17
2232,15/07/2020,1.3508,17
2233,16/07/2020,1.3547,17
2234,17/07/2020,1.358,17
2235,20/07/2020,1.3533,17
2236,21/07/2020,1.3442,17
2237,22/07/2020,1.3404,17
2238,23/07/2020,1.3354,17
2239,24/07/2020,1.3415,17
2240,27/07/2020,1.3378,17
2241,28/07/2020,1.3351,17
2242,29/07/2020,1.3372,17
2243,30/07/2020,1.3431,17
2244,31/07/2020,1.3412,17
2245,03/08/2020,1.3404,17
2246,04/08/2020,1.3367,17
2247,05/08/2020,1.3282,17
2248,06/08/2020,1.3288,17
2249,07/08/2020,1.3384,17
2250,10/08/2020,1.3347,17
2251,11/08/2020,1.328,17
2252,12/08/2020,1.3235,17
2253,13/08/2020,1.3209,17
2254,14/08/2020,1.3266,17
2255,17/08/2020,1.3202,17
2256,18/08/2020,1.3181,17
2257,19/08/2020,1.3182,17
2258,20/08/2020,1.3184,17
2259,21/08/2020,1.3177,17
2260,24/08/2020,1.3224,17
2261,25/08/2020,1.3203,17
2262,26/08/2020,1.3143,17
2263,27/08/2020,1.314,17
2264,28/08/2020,1.3099,17
2265,31/08/2020,1.3042,17
2266,01/09/2020,1.3062,17
2267,02/09/2020,1.3065,17
2268,03/09/2020,1.3132,17
2269,04/09/2020,1.3062,17
2270,07/09/2020,1.3093,17
2271,08/09/2020,1.3196,17
2272,09/09/2020,1.3155,17
2273,10/09/2020,1.3177,17
2274,11/09/2020,1.3179,17
2275,14/09/2020,1.3176,17
2276,15/09/2020,1.3187,17
2277,16/09/2020,1.3157,17
2278,17/09/2020,1.3203,17
2279,18/09/2020,1.3204,17
2280,21/09/2020,1.3316,17
2281,22/09/2020,1.3328,17
2282,23/09/2020,1.335,17
2283,24/09/2020,1.3355,17
2284,25/09/2020,1.3386,17
2285,28/09/2020,1.3383,17
2286,29/09/2020,1.3401,17
2287,30/09/2020,1.3311,17
2288,01/10/2020,1.3295,17
2289,02/10/2020,1.3308,17
2290,05/10/2020,1.3262,17
2291,06/10/2020,1.3276,17
2292,07/10/2020,1.3275,17
2293,08/10/2020,1.3208,17
2294,09/10/2020,1.3121,17
2295,12/10/2020,1.3116,17
2296,13/10/2020,1.3132,17
2297,14/10/2020,1.3144,17
2298,15/10/2020,1.323,17
2299,16/10/2020,1.3189,17
2300,19/10/2020,1.3158,17
2301,20/10/2020,1.3116,17
2302,21/10/2020,1.3125,17
2303,22/10/2020,1.3138,17
2304,23/10/2020,1.3125,17
2305,26/10/2020,1.3213,17
2306,27/10/2020,1.3151,17
2307,28/10/2020,1.3308,17
2308,29/10/2020,1.3349,17
2309,30/10/2020,1.3321,17
2310,02/11/2020,1.3252,17
2311,03/11/2020,1.3158,17
2312,04/11/2020,1.3121,17
2313,05/11/2020,1.3054,17
2314,06/11/2020,1.305,17
2315,09/11/2020,1.2972,17
2316,10/11/2020,1.3012,17
2317,11/11/2020,1.3056,17
2318,12/11/2020,1.3128,17
2319,13/11/2020,1.3137,17
2320,16/11/2020,1.3087,17
2321,17/11/2020,1.3099,17
2322,18/11/2020,1.3046,17
2323,19/11/2020,1.3076,17
2324,20/11/2020,1.3095,17
2325,23/11/2020,1.3091,17
2326,24/11/2020,1.3026,17
2327,25/11/2020,1.2994,17
2328,26/11/2020,1.3016,17
2329,27/11/2020,1.2989,17
2330,30/11/2020,1.2977,17
2331,01/12/2020,1.2944,17
2332,02/12/2020,1.2933,17
2333,03/12/2020,1.2869,17
2334,04/12/2020,1.2784,17
2335,07/12/2020,1.2794,17
2336,08/12/2020,1.282,17
2337,09/12/2020,1.2813,17
2338,10/12/2020,1.2732,17
2339,11/12/2020,1.2769,17
2340,14/12/2020,1.277,17
2341,15/12/2020,1.2719,17
2342,16/12/2020,1.2756,17
2343,17/12/2020,1.2717,17
2344,18/12/2020,1.2788,17
2345,21/12/2020,1.2829,17
2346,22/12/2020,1.291,17
2347,23/12/2020,1.284,17
2348,24/12/2020,1.2813,17
2349,25/12/2020,1.2865,17
2350,28/12/2020,1.2864,17
2351,29/12/2020,1.2816,17
2352,30/12/2020,1.2767,17
2353,31/12/2020,1.2768,17
2354,01/01/2021,1.2728,17
2355,04/01/2021,1.2782,17
2356,05/01/2021,1.2678,17
2357,06/01/2021,1.2676,17
2358,07/01/2021,1.2715,17
2359,08/01/2021,1.2702,17
2360,11/01/2021,1.2768,17
2361,12/01/2021,1.2744,17
2362,13/01/2021,1.2692,17
2363,14/01/2021,1.263,17
2364,15/01/2021,1.2732,17
2365,18/01/2021,1.2759,17
2366,19/01/2021,1.2732,17
2367,20/01/2021,1.2652,17
2368,21/01/2021,1.2642,17
2369,22/01/2021,1.2733,17
2370,25/01/2021,1.2742,17
2371,26/01/2021,1.2699,17
2372,27/01/2021,1.2758,17
2373,28/01/2021,1.2804,17
2374,29/01/2021,1.2777,17
2375,01/02/2021,1.2829,17
2376,02/02/2021,1.2816,17
2377,03/02/2021,1.2772,17
2378,04/02/2021,1.2834,17
2379,05/02/2021,1.2756,17
2380,08/02/2021,1.2749,17
2381,09/02/2021,1.2705,17
2382,10/02/2021,1.2683,17
2383,11/02/2021,1.2697,17
2384,12/02/2021,1.2696,17
2385,15/02/2021,1.2636,17
2386,16/02/2021,1.2695,17
2387,17/02/2021,1.2707,17
2388,18/02/2021,1.2699,17
2389,19/02/2021,1.2615,17
2390,22/02/2021,1.2596,17
2391,23/02/2021,1.2611,17
2392,24/02/2021,1.2535,17
2393,25/02/2021,1.2546,17
2394,26/02/2021,1.2738,17
2395,01/03/2021,1.2662,17
2396,02/03/2021,1.2619,17
2397,03/03/2021,1.2624,17
2398,04/03/2021,1.2646,17
2399,05/03/2021,1.2659,17
2400,08/03/2021,1.2653,17
2401,09/03/2021,1.2648,17
2402,10/03/2021,1.2646,17
2403,11/03/2021,1.255,17
2404,12/03/2021,1.2475,17
2405,15/03/2021,1.2474,17
2406,16/03/2021,1.2444,17
2407,17/03/2021,1.2488,17
2408,18/03/2021,1.247,17
2409,19/03/2021,1.25,17
2410,22/03/2021,1.2515,17
2411,23/03/2021,1.256,17
2412,24/03/2021,1.2552,17
2413,25/03/2021,1.2615,17
2414,26/03/2021,1.2577,17
2415,29/03/2021,1.2587,17
2416,30/03/2021,1.2636,17
2417,31/03/2021,1.2573,17
2418,01/04/2021,1.2566,17
2419,02/04/2021,1.2578,17
2420,05/04/2021,1.2534,17
2421,06/04/2021,1.255,17
2422,07/04/2021,1.2612,17
2423,08/04/2021,1.2572,17
2424,09/04/2021,1.253,17
2425,12/04/2021,1.2548,17
2426,13/04/2021,1.2544,17
2427,14/04/2021,1.2505,17
2428,15/04/2021,1.2541,17
2429,16/04/2021,1.2508,17
2430,19/04/2021,1.2533,17
2431,20/04/2021,1.2592,17
2432,21/04/2021,1.2491,17
2433,22/04/2021,1.2482,17
2434,23/04/2021,1.2476,17
2435,26/04/2021,1.2412,17
2436,27/04/2021,1.2414,17
2437,28/04/2021,1.2336,17
2438,29/04/2021,1.229,17
2439,30/04/2021,1.2287,17
2440,03/05/2021,1.2277,17
2441,04/05/2021,1.2319,17
2442,05/05/2021,1.2276,17
2443,06/05/2021,1.2194,17
2444,07/05/2021,1.2133,17
2445,10/05/2021,1.2088,17
2446,11/05/2021,1.2098,17
2447,12/05/2021,1.2114,17
2448,13/05/2021,1.2168,17
2449,14/05/2021,1.2104,17
2450,17/05/2021,1.2073,17
2451,18/05/2021,1.2056,17
2452,19/05/2021,1.209,17
2453,20/05/2021,1.2063,17
2454,21/05/2021,1.2066,17
2455,24/05/2021,1.2063,17
2456,25/05/2021,1.2052,17
2457,26/05/2021,1.2113,17
2458,27/05/2021,1.2071,17
2459,28/05/2021,1.2076,17
2460,31/05/2021,1.2068,17
2461,01/06/2021,1.2051,17
2462,02/06/2021,1.2043,17
2463,03/06/2021,1.2111,17
2464,04/06/2021,1.2084,17
2465,07/06/2021,1.2061,17
2466,08/06/2021,1.211,17
2467,09/06/2021,1.2113,17
2468,10/06/2021,1.2086,17
2469,11/06/2021,1.2158,17
2470,14/06/2021,1.2143,17
2471,15/06/2021,1.22,17
2472,16/06/2021,1.2161,17
2473,17/06/2021,1.236,17
2474,18/06/2021,1.2465,17
2475,21/06/2021,1.2366,17
2476,22/06/2021,1.2335,17
2477,23/06/2021,1.23,17
2478,24/06/2021,1.2322,17
2479,25/06/2021,1.2292,17
2480,28/06/2021,1.2343,17
2481,29/06/2021,1.2393,17
2482,30/06/2021,1.2408,17
2483,01/07/2021,1.2426,17
2484,02/07/2021,1.2322,17
2485,05/07/2021,1.2332,17
2486,06/07/2021,1.2486,17
2487,07/07/2021,1.2483,17
2488,08/07/2021,1.2525,17
2489,09/07/2021,1.2447,17
2490,12/07/2021,1.2467,17
2491,13/07/2021,1.251,17
2492,14/07/2021,1.2515,17
2493,15/07/2021,1.2587,17
2494,16/07/2021,1.2613,17
2495,19/07/2021,1.2772,17
2496,20/07/2021,1.271,17
2497,21/07/2021,1.2559,17
2498,22/07/2021,1.2566,17
2499,23/07/2021,1.2564,17
2500,26/07/2021,1.2542,17
2501,27/07/2021,1.2579,17
2502,28/07/2021,1.2559,17
2503,29/07/2021,1.2444,17
2504,30/07/2021,1.2475,17
2505,02/08/2021,1.2501,17
2506,03/08/2021,1.255,17
2507,04/08/2021,1.2548,17
2508,05/08/2021,1.25,17
2509,06/08/2021,1.2554,17
2510,09/08/2021,1.2575,17
2511,10/08/2021,1.253,17
2512,11/08/2021,1.2493,17
2513,12/08/2021,1.2521,17
2514,13/08/2021,1.2515,17
2515,16/08/2021,1.2575,17
2516,17/08/2021,1.2648,17
2517,18/08/2021,1.2643,17
2518,19/08/2021,1.2802,17
2519,20/08/2021,1.2821,17
2520,23/08/2021,1.2661,17
2521,24/08/2021,1.2601,17
2522,25/08/2021,1.262,17
2523,26/08/2021,1.2665,17
2524,27/08/2021,1.262,17
2525,30/08/2021,1.2611,17
2526,31/08/2021,1.2626,17
2527,01/09/2021,1.2606,17
2528,02/09/2021,1.2554,17
2529,03/09/2021,1.2524,17
2530,06/09/2021,1.2529,17
2531,07/09/2021,1.2634,17
2532,08/09/2021,1.2668,17
2533,09/09/2021,1.2629,17
2534,10/09/2021,1.2692,17
2535,13/09/2021,1.2665,17
2536,14/09/2021,1.267,17
2537,15/09/2021,1.2648,17
2538,16/09/2021,1.2686,17
2539,17/09/2021,1.2764,17
2540,20/09/2021,1.2838,17
2541,21/09/2021,1.2793,17
2542,22/09/2021,1.2732,17
2543,23/09/2021,1.2647,17
2544,24/09/2021,1.2652,17
2545,27/09/2021,1.2622,17
2546,28/09/2021,1.2695,17
2547,29/09/2021,1.2759,17
2548,30/09/2021,1.2687,17
2549,01/10/2021,1.2648,17
2550,04/10/2021,1.2579,17
2551,05/10/2021,1.2576,17
2552,06/10/2021,1.2617,17
2553,07/10/2021,1.2558,17
2554,08/10/2021,1.2472,17
2555,11/10/2021,1.2466,17
2556,12/10/2021,1.2458,17
2557,13/10/2021,1.244,17
2558,14/10/2021,1.2366,17
2559,15/10/2021,1.2368,17
2560,18/10/2021,1.2367,17
2561,19/10/2021,1.2356,17
2562,20/10/2021,1.232,17
2563,21/10/2021,1.2363,17
2564,22/10/2021,1.2366,17
2565,25/10/2021,1.2396,17
2566,26/10/2021,1.2391,17
2567,27/10/2021,1.233,17
2568,28/10/2021,1.2356,17
2569,29/10/2021,1.2388,17
2570,01/11/2021,1.2364,17
2571,02/11/2021,1.2401,17
2572,03/11/2021,1.2413,17
2573,04/11/2021,1.2465,17
2574,05/11/2021,1.2457,17
2575,08/11/2021,1.2456,17
2576,09/11/2021,1.244,17
2577,10/11/2021,1.2457,17
2578,11/11/2021,1.2593,17
2579,12/11/2021,1.255,17
2580,15/11/2021,1.2524,17
2581,16/11/2021,1.256,17
2582,17/11/2021,1.2603,17
2583,18/11/2021,1.2603,17
2584,19/11/2021,1.264,17
2585,22/11/2021,1.2696,17
2586,23/11/2021,1.271,17
2587,24/11/2021,1.2668,17
2588,25/11/2021,1.2649,17
2589,26/11/2021,1.2791,17
2590,29/11/2021,1.2773,17
2591,30/11/2021,1.2818,17
2592,01/12/2021,1.2804,17
2593,02/12/2021,1.2816,17
2594,03/12/2021,1.2843,17
2595,06/12/2021,1.2774,17
2596,07/12/2021,1.2659,17
2597,08/12/2021,1.2644,17
2598,09/12/2021,1.269,17
2599,10/12/2021,1.2722,17
2600,13/12/2021,1.2789,17
2601,14/12/2021,1.2852,17
2602,15/12/2021,1.2902,17
2603,16/12/2021,1.2777,17
2604,17/12/2021,1.2889,17
2605,20/12/2021,1.2938,17
2606,21/12/2021,1.2931,17
2607,22/12/2021,1.2856,17
2608,23/12/2021,1.2804,17
2609,24/12/2021,1.2815,17
2610,27/12/2021,1.2795,17
2611,28/12/2021,1.282,17
2612,29/12/2021,1.2802,17
2613,30/12/2021,1.2782,17
2614,31/12/2021,1.2637,17
2615,03/01/2022,1.2755,17
2616,04/01/2022,1.2693,17
2617,05/01/2022,1.2708,17
2618,06/01/2022,1.2719,17
2619,07/01/2022,1.2643,17
2620,10/01/2022,1.2694,17
2621,11/01/2022,1.2588,17
2622,12/01/2022,1.2498,17
2623,13/01/2022,1.2492,17
2624,14/01/2022,1.2552,17
2625,17/01/2022,1.2512,17
2626,18/01/2022,1.2556,17
2627,19/01/2022,1.2488,17
2628,20/01/2022,1.2462,17
2629,21/01/2022,1.2581,17
2630,24/01/2022,1.2674,17
2631,25/01/2022,1.2628,17
2632,26/01/2022,1.2584,17
2633,27/01/2022,1.2731,17
2634,28/01/2022,1.277,17
2635,31/01/2022,1.2698,17
2636,01/02/2022,1.2692,17
2637,02/02/2022,1.2682,17
2638,03/02/2022,1.2675,17
2639,04/02/2022,1.2757,17
2640,07/02/2022,1.2688,17
2641,08/02/2022,1.2707,17
2642,09/02/2022,1.2669,17
2643,10/02/2022,1.2665,17
2644,11/02/2022,1.2737,17
2645,14/02/2022,1.2729,17
2646,15/02/2022,1.2744,17
2647,16/02/2022,1.2685,17
2648,17/02/2022,1.2687,17
2649,18/02/2022,1.2752,17
2650,21/02/2022,1.275,17
2651,22/02/2022,1.275,17
2652,23/02/2022,1.2717,17
2653,24/02/2022,1.2839,17
2654,25/02/2022,1.2713,17
2655,28/02/2022,1.2688,17
2656,01/03/2022,1.2726,17
2657,02/03/2022,1.2665,17
2658,03/03/2022,1.2678,17
2659,04/03/2022,1.2731,17
2660,07/03/2022,1.2789,17
2661,08/03/2022,1.2883,17
2662,09/03/2022,1.2817,17
2663,10/03/2022,1.2774,17
2664,11/03/2022,1.2744,17
2665,14/03/2022,1.281,17
2666,15/03/2022,1.2786,17
2667,16/03/2022,1.2723,17
2668,17/03/2022,1.2637,17
2669,18/03/2022,1.2603,17
2670,21/03/2022,1.2598,17
2671,22/03/2022,1.2581,17
2672,23/03/2022,1.2563,17
2673,24/03/2022,1.2542,17
2674,25/03/2022,1.2477,17
2675,28/03/2022,1.2542,17
2676,29/03/2022,1.2515,17
2677,30/03/2022,1.2469,17
2678,31/03/2022,1.2482,17
2679,01/04/2022,1.2522,17
2680,04/04/2022,1.2497,17
2681,05/04/2022,1.2468,17
2682,06/04/2022,1.2504,17
2683,07/04/2022,1.2598,17
2684,08/04/2022,1.2572,17
2685,11/04/2022,1.2634,17
2686,12/04/2022,1.2612,17
2687,13/04/2022,1.2587,17
2688,14/04/2022,1.2622,17
2689,15/04/2022,1.261,17
2690,18/04/2022,1.2616,17
2691,19/04/2022,1.2622,17
2692,20/04/2022,1.2499,17
2693,21/04/2022,1.255,17
2694,22/04/2022,1.271,17
2695,25/04/2022,1.2762,17
2696,26/04/2022,1.2785,17
2697,27/04/2022,1.281,17
2698,28/04/2022,1.2804,17
2699,29/04/2022,1.2848,17
2700,02/05/2022,1.2902,17
2701,03/05/2022,1.2856,17
2702,04/05/2022,1.2811,17
2703,05/05/2022,1.2838,17
2704,06/05/2022,1.2875,17
2705,09/05/2022,1.2965,17
2706,10/05/2022,1.3046,17
2707,11/05/2022,1.2974,17
2708,12/05/2022,1.304,17
2709,13/05/2022,1.2929,17
2710,16/05/2022,1.2884,17
2711,17/05/2022,1.2826,17
2712,18/05/2022,1.2828,17
2713,19/05/2022,1.282,17
2714,20/05/2022,1.284,17
2715,23/05/2022,1.2793,17
2716,24/05/2022,1.2839,17
2717,25/05/2022,1.2844,17
2718,26/05/2022,1.2788,17
2719,27/05/2022,1.2724,17
2720,30/05/2022,1.2654,17
2721,31/05/2022,1.2633,17
2722,01/06/2022,1.2652,17
2723,02/06/2022,1.2571,17
2724,03/06/2022,1.2594,17
2725,06/06/2022,1.2572,17
2726,07/06/2022,1.2537,17
2727,08/06/2022,1.2533,17
2728,09/06/2022,1.2656,17
2729,10/06/2022,1.2776,17
2730,13/06/2022,1.2861,17
2731,14/06/2022,1.2953,17
2732,15/06/2022,1.2974,17
2733,16/06/2022,1.2904,17
2734,17/06/2022,1.303,17
2735,20/06/2022,1.2988,17
2736,21/06/2022,1.2917,17
2737,22/06/2022,1.2943,17
2738,23/06/2022,1.3004,17
2739,24/06/2022,1.2891,17
2740,27/06/2022,1.2871,17
2741,28/06/2022,1.2863,17
2742,29/06/2022,1.2886,17
2743,30/06/2022,1.2872,17
2744,01/07/2022,1.2899,17
2745,04/07/2022,1.2869,17
2746,05/07/2022,1.3073,17
2747,06/07/2022,1.3065,17
2748,07/07/2022,1.2985,17
2749,08/07/2022,1.2947,17
2750,11/07/2022,1.2991,17
2751,12/07/2022,1.2995,17
2752,13/07/2022,1.2949,17
2753,14/07/2022,1.3134,17
2754,15/07/2022,1.3032,17
2755,18/07/2022,1.2946,17
2756,19/07/2022,1.2885,17
2757,20/07/2022,1.2878,17
2758,21/07/2022,1.288,17
2759,22/07/2022,1.2916,17
2760,25/07/2022,1.2855,17
2761,26/07/2022,1.2883,17
2762,27/07/2022,1.2891,17
2763,28/07/2022,1.2839,17
2764,29/07/2022,1.2795,17
2765,01/08/2022,1.2822,17
2766,02/08/2022,1.2836,17
2767,03/08/2022,1.2856,17
2768,04/08/2022,1.287,17
2769,05/08/2022,1.2932,17
2770,08/08/2022,1.2851,17
2771,09/08/2022,1.2895,17
2772,10/08/2022,1.2764,17
2773,11/08/2022,1.2738,17
2774,12/08/2022,1.2782,17
2775,15/08/2022,1.2896,17
2776,16/08/2022,1.2863,17
2777,17/08/2022,1.2917,17
2778,18/08/2022,1.2962,17
2779,19/08/2022,1.2994,17
2780,22/08/2022,1.3046,17
2781,23/08/2022,1.2948,17
2782,24/08/2022,1.2981,17
2783,25/08/2022,1.2942,17
2784,26/08/2022,1.3033,17
2785,29/08/2022,1.2997,17
2786,30/08/2022,1.3101,17
2787,31/08/2022,1.3095,17
2788,01/09/2022,1.3169,17
2789,02/09/2022,1.3134,17
2790,05/09/2022,1.3137,17
2791,06/09/2022,1.314,17
2792,07/09/2022,1.3157,17
2793,08/09/2022,1.3113,17
2794,09/09/2022,1.3031,17
2795,12/09/2022,1.2971,17
2796,13/09/2022,1.3135,17
2797,14/09/2022,1.3147,17
2798,15/09/2022,1.32,17
2799,16/09/2022,1.3264,17
2800,19/09/2022,1.3278,17
2801,20/09/2022,1.3344,17
2802,21/09/2022,1.3399,17
2803,22/09/2022,1.3485,17
2804,23/09/2022,1.3592,17
2805,26/09/2022,1.375,17
2806,27/09/2022,1.3682,17