id,Date,Close/Last,stock_id,,,
1,09/29/2022,1323.72,17,,,
2,09/28/2022,1343.18,17,,,
3,09/27/2022,1282.66,17,,,
4,09/26/2022,1386.25,17,,,
5,09/25/2022,1303.2,17,,,
6,09/24/2022,1326.99,17,,,
7,09/23/2022,1320.81,17,,,
8,09/22/2022,1341.12,17,,,
9,09/21/2022,1264.91,17,,,
10,09/20/2022,1338.41,17,,,
11,09/19/2022,1353.77,17,,,
12,09/18/2022,1302.8,17,,,
13,09/17/2022,1447.19,17,,,
14,09/16/2022,1440.98,17,,,
15,09/15/2022,1469.54,17,,,
16,09/14/2022,1605.79,17,,,
17,09/13/2022,1601.16,17,,,
18,09/12/2022,1712.4,17,,,
19,09/11/2022,1723.91,17,,,
20,09/10/2022,1760.91,17,,,
21,09/09/2022,1735.85,17,,,
22,09/08/2022,1668.2,17,,,
23,09/07/2022,1629.33,17,,,
24,09/06/2022,1509.15,17,,,
25,09/05/2022,1637.8,17,,,
26,09/04/2022,1577.51,17,,,
27,09/03/2022,1551.26,17,,,
28,09/02/2022,1561.46,17,,,
29,09/01/2022,1599.66,17,,,
30,08/31/2022,1547.66,17,,,
31,08/30/2022,1605.19,17,,,
32,08/29/2022,1543.5,17,,,
33,08/28/2022,1453.53,17,,,
34,08/27/2022,1492.35,17,,,
35,08/26/2022,1504.47,17,,,
36,08/25/2022,1673.5,17,,,
37,08/24/2022,1669.52,17,,,
38,08/23/2022,1610.66,17,,,
39,08/22/2022,1620.03,17,,,
40,08/21/2022,1617.55,17,,,
41,08/20/2022,1584.03,17,,,
42,08/19/2022,1625.17,17,,,
43,08/18/2022,1820,17,,,
44,08/17/2022,1848.96,17,,,
45,08/16/2022,1896.05,17,,,
46,08/15/2022,1886.17,17,,,
47,08/14/2022,1982.84,17,,,
48,08/13/2022,1987.71,17,,,
49,08/12/2022,1983.96,17,,,
50,08/11/2022,1900.39,17,,,
51,08/10/2022,1882.78,17,,,
52,08/09/2022,1671.64,17,,,
53,08/08/2022,1776.89,17,,,
54,08/07/2022,1712.04,17,,,
55,08/06/2022,1684.57,17,,,
56,08/05/2022,1735.85,17,,,
57,08/04/2022,1659.71,17,,,
58,08/03/2022,1649.3,17,,,
59,08/02/2022,1619.2,17,,,
60,08/01/2022,1580.27,17,,,
61,07/31/2022,1690.19,17,,,
62,07/30/2022,1689.39,17,,,
63,07/29/2022,1707.09,17,,,
64,07/28/2022,1727.26,17,,,
65,07/27/2022,1646.36,17,,,
66,07/26/2022,1424.4,17,,,
67,07/25/2022,1431.55,17,,,
68,07/24/2022,1504.3,17,,,
69,07/23/2022,1552.67,17,,,
70,07/22/2022,1577.32,17,,,
71,07/21/2022,1560.67,17,,,
72,07/20/2022,1492.42,17,,,
73,07/19/2022,1559.82,17,,,
74,07/18/2022,1514.7,17,,,
75,07/17/2022,1404.82,17,,,
76,07/16/2022,1353.19,17,,,
77,07/15/2022,1223.55,17,,,
78,07/14/2022,1195.85,17,,,
79,07/13/2022,1113.32,17,,,
80,07/12/2022,1051.75,17,,,
81,07/11/2022,1084.98,17,,,
82,07/10/2022,1153.22,17,,,
83,07/09/2022,1189.6,17,,,
84,07/08/2022,1216.51,17,,,
85,07/07/2022,1258.38,17,,,
86,07/06/2022,1175.49,17,,,
87,07/05/2022,1129.69,17,,,
88,07/03/2022,1062.17,17,,,
89,07/02/2022,1063.18,17,,,
90,07/01/2022,1038.52,17,,,
91,06/30/2022,1065.1,17,,,
92,06/29/2022,1092.25,17,,,
93,06/28/2022,1142.24,17,,,
94,06/27/2022,1181.39,17,,,
95,06/26/2022,1217.58,17,,,
96,06/25/2022,1233.08,17,,,
97,06/24/2022,1225.49,17,,,
98,06/23/2022,1150.01,17,,,
99,06/22/2022,1079.04,17,,,
100,06/21/2022,1088.17,17,,,
101,06/20/2022,1130.16,17,,,
102,06/19/2022,1083.15,17,,,
103,06/18/2022,964.16,17,,,
104,06/17/2022,1079.28,17,,,
105,06/16/2022,1074.06,17,,,
106,06/15/2022,1210.91,17,,,
107,06/14/2022,1183.35,17,,,
108,06/13/2022,1165.07,17,,,
109,06/12/2022,1357.81,17,,,
110,06/11/2022,1472.91,17,,,
111,06/10/2022,1670.18,17,,,
112,06/09/2022,1796.4,17,,,
113,06/08/2022,1799.12,17,,,
114,06/07/2022,1786.36,17,,,
115,06/06/2022,1754.73,17,,,
116,06/05/2022,1876.28,17,,,
117,06/04/2022,1791.8,17,,,
118,06/03/2022,1755.14,17,,,
119,06/02/2022,1828.92,17,,,
120,06/01/2022,1811.09,17,,,
121,05/31/2022,1928.79,17,,,
122,05/30/2022,1894.38,17,,,
123,05/29/2022,1877.77,17,,,
124,05/28/2022,1774.55,17,,,
125,05/27/2022,1758.05,17,,,
126,05/26/2022,1769.78,17,,,
127,05/25/2022,1943.28,17,,,
128,05/24/2022,2015.14,17,,,
129,05/23/2022,1987.38,17,,,
130,05/22/2022,2029.26,17,,,
131,05/21/2022,1973.09,17,,,
132,05/20/2022,1959.03,17,,,
133,05/19/2022,2023.89,17,,,
134,05/18/2022,1956.19,17,,,
135,05/17/2022,2040.11,17,,,
136,05/16/2022,2073.47,17,,,
137,05/15/2022,2072.98,17,,,
138,05/14/2022,2014.44,17,,,
139,05/13/2022,2049.91,17,,,
140,05/12/2022,2103.28,17,,,
141,05/11/2022,2016.31,17,,,
142,05/10/2022,2365.41,17,,,
143,05/09/2022,2308.76,17,,,
144,05/08/2022,2462.2,17,,,
145,05/07/2022,2539.65,17,,,
146,05/06/2022,2676.07,17,,,
147,05/05/2022,2743.74,17,,,
148,05/04/2022,2941.1,17,,,
149,05/03/2022,2798.03,17,,,
150,05/02/2022,2847.02,17,,,
151,05/01/2022,2844.57,17,,,
152,04/30/2022,2771.99,17,,,
153,04/29/2022,2819.01,17,,,
154,04/28/2022,2924.36,17,,,
155,04/27/2022,2884.69,17,,,
156,04/26/2022,2837.63,17,,,
157,04/25/2022,2999.91,17,,,
158,04/24/2022,2875.42,17,,,
159,04/23/2022,2956.36,17,,,
160,04/22/2022,2945.05,17,,,
161,04/21/2022,3000.35,17,,,
162,04/20/2022,3093.23,17,,,
163,04/19/2022,3086.9,17,,,
164,04/18/2022,3038.72,17,,,
165,04/17/2022,3044.94,17,,,
166,04/16/2022,3033.53,17,,,
167,04/15/2022,3039.72,17,,,
168,04/14/2022,3036.55,17,,,
169,04/13/2022,3115.75,17,,,
170,04/12/2022,3051.68,17,,,
171,04/11/2022,2979.27,17,,,
172,04/10/2022,3172.21,17,,,
173,04/09/2022,3257.31,17,,,
174,04/08/2022,3214.06,17,,,
175,04/07/2022,3260.83,17,,,
176,04/06/2022,3186.43,17,,,
177,04/05/2022,3342.88,17,,,
178,04/04/2022,3521.97,17,,,
179,04/03/2022,3497.41,17,,,
180,04/02/2022,3475.01,17,,,
181,04/01/2022,3469.32,17,,,
182,03/31/2022,3243.43,17,,,
183,03/30/2022,3399,17,,,
184,03/29/2022,3384.11,17,,,
185,03/28/2022,3368.15,17,,,
186,03/27/2022,3308.9,17,,,
187,03/26/2022,3139.4,17,,,
188,03/25/2022,3109.07,17,,,
189,03/24/2022,3129.62,17,,,
190,03/23/2022,3024.87,17,,,
191,03/22/2022,2957.69,17,,,
192,03/21/2022,3012.49,17,,,
193,03/20/2022,2846.42,17,,,
194,03/19/2022,2935.87,17,,,
195,03/18/2022,2934.49,17,,,
196,03/17/2022,2777.09,17,,,
197,03/16/2022,2765.71,17,,,
198,03/15/2022,2620.33,17,,,
199,03/14/2022,2540.4,17,,,
200,03/13/2022,2530.15,17,,,
201,03/12/2022,2589.99,17,,,
202,03/11/2022,2589.51,17,,,
203,03/10/2022,2538.18,17,,,
204,03/09/2022,2605.06,17,,,
205,03/08/2022,2714.62,17,,,
206,03/07/2022,2538.86,17,,,
207,03/06/2022,2529.19,17,,,
208,03/03/2022,2833.49,17,,,
209,03/02/2022,2893.74,17,,,
210,03/01/2022,3007.96,17,,,
211,02/28/2022,2918.05,17,,,
212,02/27/2022,2613.14,17,,,
213,02/26/2022,2713.75,17,,,
214,02/25/2022,2819.57,17,,,
215,02/24/2022,2619.36,17,,,
216,02/23/2022,2396.84,17,,,
217,02/22/2022,2644.12,17,,,
218,02/21/2022,2529.98,17,,,
219,02/20/2022,2740.94,17,,,
220,02/19/2022,2689.1,17,,,
221,02/18/2022,2809.14,17,,,
222,02/17/2022,2892.8,17,,,
223,02/16/2022,3070.62,17,,,
224,02/15/2022,3121.66,17,,,
225,02/14/2022,3014.47,17,,,
226,02/13/2022,2859.28,17,,,
227,02/12/2022,2913.1,17,,,
228,02/11/2022,2932.54,17,,,
229,02/10/2022,3064.85,17,,,
230,02/09/2022,3160.31,17,,,
231,02/08/2022,3092.43,17,,,
232,02/07/2022,3153.36,17,,,
233,02/06/2022,3079.87,17,,,
234,02/05/2022,3015.9,17,,,
235,02/04/2022,3013.5,17,,,
236,02/03/2022,2684.81,17,,,
237,02/02/2022,2665.68,17,,,
238,02/01/2022,2758.18,17,,,
239,01/31/2022,2739.64,17,,,
240,01/30/2022,2500.93,17,,,
241,01/29/2022,2581.71,17,,,
242,01/28/2022,2542.32,17,,,
243,01/27/2022,2433.18,17,,,
244,01/26/2022,2393.86,17,,,
245,01/25/2022,2419.78,17,,,
246,01/24/2022,2382.8,17,,,
247,01/23/2022,2432.03,17,,,
248,01/22/2022,2432.4,17,,,
249,01/21/2022,2565.3,17,,,
250,01/20/2022,2866.5,17,,,
251,01/19/2022,3126.88,17,,,
252,01/18/2022,3103.21,17,,,
253,01/17/2022,3175.27,17,,,
254,01/16/2022,3270.61,17,,,
255,01/15/2022,3320.9,17,,,
256,01/14/2022,3304.08,17,,,
257,01/13/2022,3276.9,17,,,
258,01/12/2022,3337.49,17,,,
259,01/11/2022,3224.57,17,,,
260,01/10/2022,3112.72,17,,,
261,01/09/2022,3194.42,17,,,
262,01/08/2022,3132.94,17,,,
263,01/07/2022,3224.46,17,,,
264,01/06/2022,3205.8,17,,,
265,01/05/2022,3443.32,17,,,
266,01/04/2022,3812.97,17,,,
267,01/03/2022,3732.99,17,,,
268,01/02/2022,3792.07,17,,,
269,01/01/2022,3734.09,17,,,
270,12/31/2021,3718.22,17,,,
271,12/30/2021,3747.89,17,,,
272,12/29/2021,3666.66,17,,,
273,12/28/2021,3806.74,17,,,
274,12/27/2021,3916.49,17,,,
275,12/26/2021,4067.46,17,,,
276,12/25/2021,4020.84,17,,,
277,12/24/2021,4043.18,17,,,
278,12/23/2021,4095.4,17,,,
279,12/22/2021,3961.21,17,,,
280,12/21/2021,4052.6,17,,,
281,12/20/2021,4031.11,17,,,
282,12/19/2021,3926.78,17,,,
283,12/18/2021,4022.64,17,,,
284,12/17/2021,3888.19,17,,,
285,12/16/2021,3983.43,17,,,
286,12/15/2021,4011.95,17,,,
287,12/14/2021,3855.21,17,,,
288,12/13/2021,3773.3,17,,,
289,12/12/2021,4012.84,17,,,
290,12/11/2021,4016.89,17,,,
291,12/10/2021,4033.19,17,,,
292,12/09/2021,4133.21,17,,,
293,12/08/2021,4383.12,17,,,
294,12/07/2021,4314.5,17,,,
295,12/06/2021,4339.98,17,,,
296,12/05/2021,4168.07,17,,,
297,12/04/2021,4042.39,17,,,
298,12/03/2021,4045.83,17,,,
299,12/02/2021,4533.23,17,,,
300,12/01/2021,4507.02,17,,,
301,11/30/2021,4729.27,17,,,
302,11/29/2021,4444.57,17,,,
303,11/28/2021,4342.37,17,,,
304,11/27/2021,4017.06,17,,,
305,11/26/2021,4142.36,17,,,
306,11/25/2021,4416.37,17,,,
307,11/24/2021,4290.11,17,,,
308,11/23/2021,4265.98,17,,,
309,11/22/2021,4179.59,17,,,
310,11/21/2021,4174.26,17,,,
311,11/20/2021,4334.44,17,,,
312,11/19/2021,4278.03,17,,,
313,11/18/2021,4041.9,17,,,
314,11/17/2021,4271.87,17,,,
315,11/16/2021,4101.79,17,,,
316,11/15/2021,4352.61,17,,,
317,11/14/2021,4701.79,17,,,
318,11/13/2021,4637.12,17,,,
319,11/12/2021,4628.83,17,,,
320,11/11/2021,4780.75,17,,,
321,11/10/2021,4632.16,17,,,
322,11/09/2021,4714.79,17,,,
323,11/08/2021,4796.78,17,,,
324,11/07/2021,4716.81,17,,,
325,11/06/2021,4547.8,17,,,
326,11/05/2021,4486.79,17,,,
327,11/04/2021,4540.75,17,,,
328,11/03/2021,4552.3,17,,,
329,11/02/2021,4575.86,17,,,
330,11/01/2021,4314.85,17,,,
331,10/31/2021,4198.74,17,,,
332,10/30/2021,4367.71,17,,,
333,10/29/2021,4343.43,17,,,
334,10/28/2021,4364.58,17,,,
335,10/27/2021,3994.83,17,,,
336,10/26/2021,4211.74,17,,,
337,10/25/2021,4221.87,17,,,
338,10/24/2021,4138.39,17,,,
339,10/23/2021,4140.25,17,,,
340,10/22/2021,4029.33,17,,,
341,10/21/2021,4149.79,17,,,
342,10/20/2021,4178.42,17,,,
343,10/19/2021,3847.36,17,,,
344,10/18/2021,3820.01,17,,,
345,10/17/2021,3845.27,17,,,
346,10/16/2021,3878.53,17,,,
347,10/15/2021,3838.15,17,,,
348,10/14/2021,3823.41,17,,,
349,10/13/2021,3634.98,17,,,
350,10/12/2021,3504.78,17,,,
351,10/11/2021,3486.56,17,,,
352,10/10/2021,3504.81,17,,,
353,10/09/2021,3534.99,17,,,
354,10/08/2021,3583.71,17,,,
355,10/07/2021,3568.28,17,,,
356,10/06/2021,3528.87,17,,,
357,10/05/2021,3490.22,17,,,
358,10/04/2021,3385,17,,,
359,10/03/2021,3336.75,17,,,
360,10/02/2021,3384.23,17,,,
361,10/01/2021,3291.54,17,,,
362,09/30/2021,2975.1,17,,,
363,09/29/2021,3016.7,17,,,
364,09/28/2021,2882.84,17,,,
365,09/27/2021,3100.37,17,,,
366,09/26/2021,3112.18,17,,,
367,09/25/2021,2864.28,17,,,
368,09/24/2021,2913.53,17,,,
369,09/23/2021,3092.07,17,,,
370,09/22/2021,3100.94,17,,,
371,09/21/2021,2877.71,17,,,
372,09/20/2021,3003.49,17,,,
373,09/19/2021,3195.13,17,,,
374,09/18/2021,3421.26,17,,,
375,09/17/2021,3414.66,17,,,
376,09/16/2021,3563.49,17,,,
377,09/15/2021,3541.12,17,,,
378,09/14/2021,3401.87,17,,,
379,09/13/2021,3313.62,17,,,
380,09/12/2021,3293.51,17,,,
381,09/11/2021,3321.37,17,,,
382,09/10/2021,3229.21,17,,,
383,09/09/2021,3455.26,17,,,
384,09/08/2021,3458.75,17,,,
385,09/07/2021,3438.57,17,,,
386,09/06/2021,3914.16,17,,,
387,09/05/2021,3915.07,17,,,
388,09/04/2021,3848.31,17,,,
389,09/03/2021,3927.73,17,,,
390,09/02/2021,3806.62,17,,,
391,09/01/2021,3755.01,17,,,
392,08/31/2021,3432.28,17,,,
393,08/30/2021,3239.93,17,,,
394,08/29/2021,3159.02,17,,,
395,08/28/2021,3178.72,17,,,
396,08/27/2021,3244.45,17,,,
397,08/26/2021,3089.61,17,,,
398,08/25/2021,3147.62,17,,,
399,08/24/2021,3174.84,17,,,
400,08/23/2021,3324.24,17,,,
401,08/22/2021,3338.45,17,,,
402,08/21/2021,3223.84,17,,,
403,08/20/2021,3279.02,17,,,
404,08/19/2021,3215.36,17,,,
405,08/18/2021,2979.4,17,,,
406,08/17/2021,3034.38,17,,,
407,08/16/2021,3194.06,17,,,
408,08/15/2021,3270.12,17,,,
409,08/14/2021,3264.1,17,,,
410,08/13/2021,3295.54,17,,,
411,08/12/2021,3095.8,17,,,
412,08/11/2021,3225.43,17,,,
413,08/10/2021,3155.89,17,,,
414,08/09/2021,3108.45,17,,,
415,08/08/2021,2955.74,17,,,
416,08/07/2021,3119.42,17,,,
417,08/06/2021,2934.97,17,,,
418,08/05/2021,2757.81,17,,,
419,08/04/2021,2709.28,17,,,
420,08/03/2021,2500.93,17,,,
421,08/02/2021,2521.64,17,,,
422,08/01/2021,2561.15,17,,,
423,07/31/2021,2606.62,17,,,
424,07/30/2021,2463.06,17,,,
425,07/29/2021,2425,17,,,
426,07/28/2021,2283.3,17,,,
427,07/27/2021,2293.37,17,,,
428,07/26/2021,2182.63,17,,,
429,07/25/2021,2306.04,17,,,
430,07/24/2021,2151.35,17,,,
431,07/23/2021,2118.68,17,,,
432,07/22/2021,2056.82,17,,,
433,07/21/2021,1977.77,17,,,
434,07/20/2021,1798.7,17,,,
435,07/19/2021,1729.57,17,,,
436,07/18/2021,1888.19,17,,,
437,07/17/2021,1976.62,17,,,
438,07/16/2021,1870.38,17,,,
439,07/15/2021,1947.4,17,,,
440,07/14/2021,1982.3,17,,,
441,07/13/2021,1878.55,17,,,
442,07/12/2021,2031.42,17,,,
443,07/11/2021,2167.08,17,,,
444,07/10/2021,2089.53,17,,,
445,07/09/2021,2135.68,17,,,
446,07/08/2021,2117.86,17,,,
447,07/07/2021,2260.35,17,,,
448,07/06/2021,2333.62,17,,,
449,07/05/2021,2230.21,17,,,
450,07/04/2021,2256.11,17,,,
451,07/03/2021,2227.7,17,,,
452,07/02/2021,2122.05,17,,,
453,07/01/2021,2049.73,17,,,
454,06/30/2021,2190.22,17,,,
455,06/29/2021,2130.08,17,,,
456,06/28/2021,2102.82,17,,,
457,06/27/2021,1970.68,17,,,
458,06/26/2021,1881.53,17,,,
459,06/25/2021,1822.86,17,,,
460,06/24/2021,1997.79,17,,,
461,06/23/2021,1896.95,17,,,
462,06/22/2021,2004.42,17,,,
463,06/21/2021,1982.71,17,,,
464,06/20/2021,2158.98,17,,,
465,06/19/2021,2187.34,17,,,
466,06/18/2021,2180.05,17,,,
467,06/17/2021,2346.86,17,,,
468,06/16/2021,2429.97,17,,,
469,06/15/2021,2524.44,17,,,
470,06/14/2021,2590.68,17,,,
471,06/13/2021,2472.22,17,,,
472,06/12/2021,2334.35,17,,,
473,06/11/2021,2277.78,17,,,
474,06/10/2021,2461.2,17,,,
475,06/09/2021,2580.44,17,,,
476,06/08/2021,2459.62,17,,,
477,06/07/2021,2487.84,17,,,
478,06/06/2021,2767.38,17,,,
479,06/05/2021,2671.4,17,,,
480,06/04/2021,2756.26,17,,,
481,06/03/2021,2747.86,17,,,
482,06/02/2021,2717.24,17,,,
483,06/01/2021,2612.9,17,,,
484,05/31/2021,2625.66,17,,,
485,05/30/2021,2291.24,17,,,
486,05/29/2021,2291.18,17,,,
487,05/28/2021,2515.66,17,,,
488,05/27/2021,2703.48,17,,,
489,05/26/2021,2655.84,17,,,
490,05/25/2021,2825.76,17,,,
491,05/24/2021,2586.52,17,,,
492,05/23/2021,2151.1,17,,,
493,05/22/2021,2312.92,17,,,
494,05/21/2021,2333.99,17,,,
495,05/20/2021,2805.8,17,,,
496,05/19/2021,2448.76,17,,,
497,05/18/2021,3103.98,17,,,
498,05/17/2021,3388.7,17,,,
499,05/16/2021,3267.2,17,,,
500,05/15/2021,3798.62,17,,,
501,05/14/2021,4035.14,17,,,
502,05/13/2021,3807.61,17,,,
503,05/12/2021,3911.35,17,,,
504,05/11/2021,4318.2,17,,,
505,05/10/2021,3857.83,17,,,
506,05/09/2021,4053.56,17,,,
507,05/08/2021,3947.83,17,,,
508,05/07/2021,3526.88,17,,,
509,05/06/2021,3439.26,17,,,
510,05/05/2021,3466.61,17,,,
511,05/04/2021,3317.58,17,,,
512,05/03/2021,3239.54,17,,,
513,05/02/2021,3052.6,17,,,
514,05/01/2021,2912.25,17,,,
515,04/30/2021,2843.18,17,,,
516,04/29/2021,2740.19,17,,,
517,04/28/2021,2690.07,17,,,
518,04/27/2021,2642.5,17,,,
519,04/26/2021,2498.12,17,,,
520,04/25/2021,2445.16,17,,,
521,04/24/2021,2192.66,17,,,
522,04/23/2021,2302.55,17,,,
523,04/22/2021,2277.17,17,,,
524,04/21/2021,2379.77,17,,,
525,04/20/2021,2297.03,17,,,
526,04/19/2021,2104.16,17,,,
527,04/18/2021,2272.48,17,,,
528,04/17/2021,2081.57,17,,,
529,04/16/2021,2481.23,17,,,
530,04/15/2021,2505.26,17,,,
531,04/14/2021,2467.41,17,,,
532,04/13/2021,2340.08,17,,,
533,04/12/2021,2165.82,17,,,
534,04/11/2021,2148.11,17,,,
535,04/10/2021,2145.29,17,,,
536,04/09/2021,2143.07,17,,,
537,04/08/2021,2075.85,17,,,
538,04/07/2021,1992.68,17,,,
539,04/06/2021,2104.03,17,,,
540,04/05/2021,2121.24,17,,,
541,04/04/2021,2032.56,17,,,
542,04/03/2021,2008.59,17,,,
543,04/02/2021,2092.19,17,,,
544,04/01/2021,1993.19,17,,,
545,03/31/2021,1917.44,17,,,
546,03/30/2021,1819.79,17,,,
547,03/29/2021,1796.9,17,,,
548,03/28/2021,1698.17,17,,,
549,03/27/2021,1712.37,17,,,
550,03/26/2021,1694.38,17,,,
551,03/25/2021,1620.25,17,,,
552,03/24/2021,1572.02,17,,,
553,03/23/2021,1678.98,17,,,
554,03/22/2021,1697.77,17,,,
555,03/21/2021,1781.34,17,,,
556,03/20/2021,1784.54,17,,,
557,03/19/2021,1828,17,,,
558,03/18/2021,1782.3,17,,,
559,03/17/2021,1835.14,17,,,
560,03/16/2021,1766.73,17,,,
561,03/15/2021,1747.84,17,,,
562,03/14/2021,1885.23,17,,,
563,03/13/2021,1903.82,17,,,
564,03/12/2021,1755.68,17,,,
565,03/11/2021,1804.89,17,,,
566,03/10/2021,1798.94,17,,,
567,03/09/2021,1791.89,17,,,
568,03/08/2021,1843.43,17,,,
569,03/07/2021,1726.71,17,,,
570,03/06/2021,1657.64,17,,,
571,03/05/2021,1528.31,17,,,
572,03/04/2021,1483.07,17,,,
573,03/03/2021,1543.9,17,,,
574,03/02/2021,1543.85,17,,,
575,03/01/2021,1568.58,17,,,
576,02/28/2021,1444.09,17,,,
577,02/27/2021,1385.91,17,,,
578,02/26/2021,1503.8,17,,,
579,02/25/2021,1508.01,17,,,
580,02/24/2021,1595.49,17,,,
581,02/23/2021,1636.05,17,,,
582,02/22/2021,1609.62,17,,,
583,02/21/2021,1857.91,17,,,
584,02/20/2021,1937.85,17,,,
585,02/19/2021,2025.19,17,,,
586,02/18/2021,1904.01,17,,,
587,02/17/2021,1898.89,17,,,
588,02/16/2021,1740.05,17,,,
589,02/15/2021,1811.57,17,,,
590,02/14/2021,1710.87,17,,,
591,02/13/2021,1812.56,17,,,
592,02/12/2021,1859.33,17,,,
593,02/11/2021,1745.83,17,,,
594,02/10/2021,1722.27,17,,,
595,02/09/2021,1787.21,17,,,
596,02/08/2021,1739.05,17,,,
597,02/07/2021,1615.97,17,,,
598,02/06/2021,1588.25,17,,,
599,02/05/2021,1680.93,17,,,
600,02/04/2021,1634.08,17,,,
601,02/03/2021,1659.29,17,,,
602,02/02/2021,1554.28,17,,,
603,02/01/2021,1381.97,17,,,
604,01/31/2021,1318.04,17,,,
605,01/30/2021,1357.97,17,,,
606,01/29/2021,1346.21,17,,,
607,01/28/2021,1305.36,17,,,
608,01/27/2021,1279.75,17,,,
609,01/26/2021,1306.99,17,,,
610,01/25/2021,1330.64,17,,,
611,01/24/2021,1416.87,17,,,
612,01/23/2021,1314.48,17,,,
613,01/22/2021,1246.4,17,,,
614,01/21/2021,1154.44,17,,,
615,01/20/2021,1299.96,17,,,
616,01/19/2021,1359.85,17,,,
617,01/18/2021,1310.45,17,,,
618,01/17/2021,1197.31,17,,,
619,01/16/2021,1235.13,17,,,
620,01/15/2021,1178.3,17,,,
621,01/14/2021,1215,17,,,
622,01/13/2021,1106.15,17,,,
623,01/12/2021,1021.17,17,,,
624,01/11/2021,1085.9,17,,,
625,01/10/2021,1117.54,17,,,
626,01/09/2021,1322.28,17,,,
627,01/08/2021,1221.03,17,,,
628,01/07/2021,1170.08,17,,,
629,01/06/2021,1211.33,17,,,
630,01/05/2021,1115.89,17,,,
631,01/04/2021,1024.04,17,,,
632,01/03/2021,1020.94,17,,,
633,01/02/2021,774.3,17,,,
634,01/01/2021,729.49,17,,,
635,12/31/2020,742.94,17,,,
636,12/30/2020,741.69,17,,,
637,12/29/2020,729.47,17,,,
638,12/28/2020,700.79,17,,,
639,12/27/2020,704.46,17,,,
640,12/26/2020,643.1,17,,,
641,12/25/2020,632.16,17,,,
642,12/24/2020,608.98,17,,,
643,12/23/2020,577.76,17,,,
644,12/22/2020,619.31,17,,,
645,12/21/2020,611.52,17,,,
646,12/20/2020,644.66,17,,,
647,12/19/2020,647.33,17,,,
648,12/18/2020,654.9,17,,,
649,12/17/2020,645.76,17,,,
650,12/16/2020,639.81,17,,,
651,12/15/2020,584.1,17,,,
652,12/14/2020,589.41,17,,,
653,12/13/2020,584.53,17,,,
654,12/12/2020,568.16,17,,,
655,12/11/2020,553.73,17,,,
656,12/10/2020,545.75,17,,,
657,12/09/2020,568.12,17,,,
658,12/08/2020,549.8,17,,,
659,12/07/2020,589.53,17,,,
660,12/06/2020,595.05,17,,,
661,12/05/2020,599.63,17,,,
662,12/04/2020,579.52,17,,,
663,12/03/2020,605.8,17,,,
664,12/02/2020,594,17,,,
665,12/01/2020,582.44,17,,,
666,11/30/2020,606.09,17,,,
667,11/29/2020,584.4,17,,,
668,11/28/2020,541.13,17,,,
669,11/27/2020,511.77,17,,,
670,11/26/2020,520.17,17,,,
671,11/25/2020,526.94,17,,,
672,11/24/2020,586.46,17,,,
673,11/23/2020,618.57,17,,,
674,11/22/2020,580.38,17,,,
675,11/21/2020,546.66,17,,,
676,11/20/2020,506.03,17,,,
677,11/19/2020,487.04,17,,,
678,11/18/2020,476.65,17,,,
679,11/17/2020,492.79,17,,,
680,11/16/2020,465.31,17,,,
681,11/15/2020,449.43,17,,,
682,11/14/2020,458.82,17,,,
683,11/13/2020,468.91,17,,,
684,11/12/2020,463.56,17,,,
685,11/11/2020,458.7,17,,,
686,11/10/2020,460.3,17,,,
687,11/09/2020,451.7,17,,,
688,11/08/2020,451.3,17,,,
689,11/07/2020,439.91,17,,,
690,11/06/2020,457.44,17,,,
691,11/05/2020,429.42,17,,,
692,11/04/2020,403.94,17,,,
693,11/03/2020,385.66,17,,,
694,11/02/2020,374.33,17,,,
695,11/01/2020,397.5,17,,,
696,10/31/2020,386.96,17,,,
697,10/30/2020,382.13,17,,,
698,10/29/2020,385.39,17,,,
699,10/28/2020,390.06,17,,,
700,10/27/2020,406.19,17,,,
701,10/26/2020,392.37,17,,,
702,10/25/2020,408.61,17,,,
703,10/24/2020,415.04,17,,,
704,10/23/2020,412.14,17,,,
705,10/22/2020,413.28,17,,,
706,10/21/2020,393.07,17,,,
707,10/20/2020,378.6,17,,,
708,10/19/2020,379.95,17,,,
709,10/18/2020,373.64,17,,,
710,10/17/2020,368.52,17,,,
711,10/16/2020,367.51,17,,,
712,10/15/2020,377.24,17,,,
713,10/14/2020,376.75,17,,,
714,10/13/2020,382.98,17,,,
715,10/12/2020,383.73,17,,,
716,10/11/2020,374.08,17,,,
717,10/10/2020,370.46,17,,,
718,10/09/2020,376.76,17,,,
719,10/08/2020,350.34,17,,,
720,10/07/2020,339.24,17,,,
721,10/06/2020,337.78,17,,,
722,10/05/2020,353.76,17,,,
723,10/04/2020,351.76,17,,,
724,10/03/2020,345.86,17,,,
725,10/02/2020,348.24,17,,,
726,10/01/2020,352.13,17,,,
727,09/30/2020,362.29,17,,,
728,09/29/2020,355.89,17,,,
729,09/28/2020,353.32,17,,,
730,09/27/2020,358.32,17,,,
731,09/26/2020,358.88,17,,,
732,09/25/2020,351.83,17,,,
733,09/24/2020,345.97,17,,,
734,09/23/2020,324.78,17,,,
735,09/22/2020,341.82,17,,,
736,09/21/2020,343.17,17,,,
737,09/20/2020,374.19,17,,,
738,09/19/2020,381.83,17,,,
739,09/18/2020,382.35,17,,,
740,09/17/2020,387.14,17,,,
741,09/16/2020,378.77,17,,,
742,09/15/2020,358.9,17,,,
743,09/14/2020,376.13,17,,,
744,09/13/2020,366.36,17,,,
745,09/12/2020,388.62,17,,,
746,09/11/2020,369.38,17,,,
747,09/10/2020,358.29,17,,,
748,09/09/2020,369.47,17,,,
749,09/08/2020,332.83,17,,,
750,09/07/2020,349.48,17,,,
751,09/06/2020,346.55,17,,,
752,09/05/2020,329.17,17,,,
753,09/04/2020,388.18,17,,,
754,09/03/2020,384.74,17,,,
755,09/02/2020,441.27,17,,,
756,09/01/2020,471.57,17,,,
757,08/31/2020,443.36,17,,,
758,08/30/2020,425.51,17,,,
759,08/29/2020,404.93,17,,,
760,08/28/2020,394.52,17,,,
761,08/27/2020,386.73,17,,,
762,08/26/2020,384.65,17,,,
763,08/25/2020,384.69,17,,,
764,08/24/2020,402.08,17,,,
765,08/23/2020,392.81,17,,,
766,08/22/2020,389.87,17,,,
767,08/21/2020,384.91,17,,,
768,08/20/2020,414.28,17,,,
769,08/19/2020,408.02,17,,,
770,08/18/2020,417.19,17,,,
771,08/17/2020,429.52,17,,,
772,08/16/2020,426.95,17,,,
773,08/15/2020,427.6,17,,,
774,08/14/2020,438.73,17,,,
775,08/13/2020,421.53,17,,,
776,08/12/2020,393.41,17,,,
777,08/11/2020,376.63,17,,,
778,08/10/2020,393.84,17,,,
779,08/09/2020,397.7,17,,,
780,08/08/2020,395.53,17,,,
781,08/07/2020,378.28,17,,,
782,08/06/2020,395.91,17,,,
783,08/05/2020,395.63,17,,,
784,08/04/2020,388.81,17,,,
785,08/03/2020,389.43,17,,,
786,08/02/2020,380.44,17,,,
787,08/01/2020,404.77,17,,,
788,07/31/2020,352.68,17,,,
789,07/30/2020,330.22,17,,,
790,07/29/2020,316.67,17,,,
791,07/28/2020,316.34,17,,,
792,07/27/2020,318.05,17,,,
793,07/26/2020,326.49,17,,,
794,07/25/2020,302.96,17,,,
795,07/24/2020,283.36,17,,,
796,07/23/2020,273.22,17,,,
797,07/22/2020,263.83,17,,,
798,07/21/2020,244.56,17,,,
799,07/20/2020,237.03,17,,,
800,07/19/2020,238.71,17,,,
801,07/18/2020,235.17,17,,,
802,07/17/2020,232.96,17,,,
803,07/16/2020,232.91,17,,,
804,07/15/2020,238.47,17,,,
805,07/14/2020,239.75,17,,,
806,07/13/2020,238.97,17,,,
807,07/12/2020,241.69,17,,,
808,07/11/2020,240.9,17,,,
809,07/10/2020,240.46,17,,,
810,07/09/2020,240.12,17,,,
811,07/08/2020,244.8,17,,,
812,07/07/2020,241.49,17,,,
813,07/06/2020,239.58,17,,,
814,07/05/2020,227.83,17,,,
815,07/04/2020,228.27,17,,,
816,07/03/2020,226.29,17,,,
817,07/02/2020,228.34,17,,,
818,07/01/2020,231.06,17,,,
819,06/30/2020,225.16,17,,,
820,06/29/2020,227.17,17,,,
821,06/28/2020,224.63,17,,,
822,06/27/2020,219.27,17,,,
823,06/26/2020,229.74,17,,,
824,06/25/2020,232.61,17,,,
825,06/24/2020,228.94,17,,,
826,06/23/2020,244.92,17,,,
827,06/22/2020,242.79,17,,,
828,06/21/2020,234.19,17,,,
829,06/20/2020,229.57,17,,,
830,06/19/2020,230.19,17,,,
831,06/18/2020,227.44,17,,,
832,06/17/2020,233.84,17,,,
833,06/16/2020,233.19,17,,,
834,06/15/2020,233.07,17,,,
835,06/14/2020,236.66,17,,,
836,06/13/2020,237.64,17,,,
837,06/12/2020,236.04,17,,,
838,06/11/2020,233.66,17,,,
839,06/10/2020,248.2,17,,,
840,06/09/2020,243.92,17,,,
841,06/08/2020,243.28,17,,,
842,06/07/2020,244.05,17,,,
843,06/06/2020,243.32,17,,,
844,06/05/2020,240.14,17,,,
845,06/04/2020,240.3,17,,,
846,06/03/2020,245.73,17,,,
847,06/02/2020,235.9,17,,,
848,06/01/2020,247.23,17,,,
849,05/31/2020,238.07,17,,,
850,05/30/2020,237.53,17,,,
851,05/29/2020,221.75,17,,,
852,05/28/2020,222.01,17,,,
853,05/27/2020,206.57,17,,,
854,05/26/2020,201.9,17,,,
855,05/25/2020,204.6,17,,,
856,05/24/2020,202.06,17,,,
857,05/23/2020,208.86,17,,,
858,05/22/2020,209.51,17,,,
859,05/21/2020,197.56,17,,,
860,05/20/2020,209.37,17,,,
861,05/19/2020,212.74,17,,,
862,05/18/2020,210.16,17,,,
863,05/17/2020,215.15,17,,,
864,05/16/2020,201.79,17,,,
865,05/15/2020,198.82,17,,,
866,05/14/2020,199.95,17,,,
867,05/13/2020,198.74,17,,,
868,05/12/2020,190.82,17,,,
869,05/11/2020,188.47,17,,,
870,05/10/2020,188.4,17,,,
871,05/09/2020,186.4,17,,,
872,05/08/2020,213.52,17,,,
873,05/07/2020,213,17,,,
874,05/06/2020,205.67,17,,,
875,05/05/2020,207.47,17,,,
876,05/04/2020,206.33,17,,,
877,05/03/2020,203.96,17,,,
878,05/02/2020,218.05,17,,,
879,05/01/2020,213.24,17,,,
880,04/30/2020,208.09,17,,,
881,04/29/2020,224.41,17,,,
882,04/28/2020,198.21,17,,,
883,04/27/2020,194.22,17,,,
884,04/26/2020,197.28,17,,,
885,04/25/2020,194.47,17,,,
886,04/24/2020,187.29,17,,,
887,04/23/2020,188.19,17,,,
888,04/22/2020,183.93,17,,,
889,04/21/2020,171.14,17,,,
890,04/20/2020,171.69,17,,,
891,04/19/2020,183.88,17,,,
892,04/18/2020,187.02,17,,,
893,04/17/2020,172.71,17,,,
894,04/16/2020,171.42,17,,,
895,04/15/2020,153.08,17,,,
896,04/14/2020,160.06,17,,,
897,04/13/2020,157.98,17,,,
898,04/12/2020,152.56,17,,,
899,04/11/2020,155.9,17,,,
900,04/10/2020,159.77,17,,,
901,04/09/2020,163.45,17,,,
902,04/08/2020,170.26,17,,,
903,04/07/2020,172.2,17,,,
904,04/06/2020,170.57,17,,,
905,04/05/2020,144.01,17,,,
906,04/04/2020,143.9,17,,,
907,04/03/2020,140,17,,,
908,04/02/2020,141.99,17,,,
909,04/01/2020,135.73,17,,,
910,03/31/2020,132.84,17,,,
911,03/30/2020,132.45,17,,,
912,03/29/2020,126.85,17,,,
913,03/28/2020,130.17,17,,,
914,03/27/2020,126.5,17,,,
915,03/26/2020,139.27,17,,,
916,03/25/2020,136.84,17,,,
917,03/24/2020,136.54,17,,,
918,03/23/2020,134.7,17,,,
919,03/22/2020,125.4,17,,,
920,03/21/2020,135.56,17,,,
921,03/20/2020,133.26,17,,,
922,03/19/2020,133.81,17,,,
923,03/18/2020,116.18,17,,,
924,03/17/2020,116.84,17,,,
925,03/16/2020,117.36,17,,,
926,03/15/2020,122.03,17,,,
927,03/14/2020,121.21,17,,,
928,03/13/2020,133.74,17,,,
929,03/12/2020,124.23,17,,,
930,03/11/2020,182.97,17,,,
931,03/10/2020,201.6,17,,,
932,03/09/2020,202.58,17,,,
933,03/08/2020,200.89,17,,,
934,03/07/2020,231.68,17,,,
935,03/06/2020,243.19,17,,,
936,03/05/2020,229.17,17,,,
937,03/04/2020,224.23,17,,,
938,03/03/2020,227.2,17,,,
939,03/02/2020,229.92,17,,,
940,03/01/2020,221.05,17,,,
941,02/29/2020,222.75,17,,,
942,02/28/2020,231.91,17,,,
943,02/27/2020,230.27,17,,,
944,02/26/2020,218.28,17,,,
945,02/25/2020,240.6,17,,,
946,02/24/2020,261.34,17,,,
947,02/23/2020,267.13,17,,,
948,02/22/2020,266.02,17,,,
949,02/21/2020,260.78,17,,,
950,02/20/2020,260.87,17,,,
951,02/19/2020,260.24,17,,,
952,02/18/2020,278.91,17,,,
953,02/17/2020,248.81,17,,,
954,02/16/2020,245.2,17,,,
955,02/15/2020,271.87,17,,,
956,02/14/2020,282.01,17,,,
957,02/13/2020,267.16,17,,,
958,02/12/2020,269.35,17,,,
959,02/11/2020,245.68,17,,,
960,02/10/2020,218.39,17,,,
961,02/09/2020,224.54,17,,,
962,02/08/2020,228.07,17,,,
963,02/07/2020,220.39,17,,,
964,02/06/2020,219.52,17,,,
965,02/05/2020,205.23,17,,,
966,02/04/2020,189.95,17,,,
967,02/03/2020,187.56,17,,,
968,02/02/2020,191.22,17,,,
969,02/01/2020,181.94,17,,,
970,01/31/2020,182.53,17,,,
971,01/30/2020,182.36,17,,,
972,01/29/2020,174.28,17,,,
973,01/28/2020,176.25,17,,,
974,01/27/2020,172.56,17,,,
975,01/26/2020,166.8,17,,,
976,01/25/2020,160.92,17,,,
977,01/24/2020,159.47,17,,,
978,01/23/2020,158.47,17,,,
979,01/22/2020,164.52,17,,,
980,01/21/2020,169.38,17,,,
981,01/20/2020,168.48,17,,,
982,01/19/2020,165.09,17,,,
983,01/18/2020,176.09,17,,,
984,01/17/2020,169.29,17,,,
985,01/16/2020,166.37,17,,,
986,01/15/2020,160.63,17,,,
987,01/14/2020,161.67,17,,,
988,01/13/2020,149.44,17,,,
989,01/12/2020,144.11,17,,,
990,01/11/2020,143.73,17,,,
991,01/10/2020,143.42,17,,,
992,01/09/2020,136.64,17,,,
993,01/08/2020,140.13,17,,,
994,01/07/2020,145.02,17,,,
995,01/06/2020,142.42,17,,,
996,01/05/2020,139.82,17,,,
997,01/04/2020,136.42,17,,,
998,01/03/2020,133.96,17,,,
999,01/02/2020,129.24,17,,,
1000,01/01/2020,129.67,17,,,
1001,12/31/2019,130.28,17,,,
1002,12/30/2019,131.56,17,,,
1003,12/29/2019,135.18,17,,,
1004,12/28/2019,128.3,17,,,
1005,12/27/2019,125.28,17,,,
1006,12/26/2019,125.83,17,,,
1007,12/25/2019,124.91,17,,,
1008,12/24/2019,126.56,17,,,
1009,12/23/2019,128.13,17,,,
1010,12/22/2019,133.6,17,,,
1011,12/21/2019,127.55,17,,,
1012,12/20/2019,127.94,17,,,
1013,12/19/2019,127.18,17,,,
1014,12/18/2019,128.2,17,,,
1015,12/17/2019,123.82,17,,,
1016,12/16/2019,131.73,17,,,
1017,12/15/2019,141.42,17,,,
1018,12/14/2019,141.31,17,,,
1019,12/13/2019,144.62,17,,,
1020,12/12/2019,144.72,17,,,
1021,12/11/2019,141.98,17,,,
1022,12/10/2019,145.9,17,,,
1023,12/09/2019,147.76,17,,,
1024,12/08/2019,151.03,17,,,
1025,12/07/2019,148.6,17,,,
1026,12/06/2019,149.28,17,,,
1027,12/05/2019,148.1,17,,,
1028,12/04/2019,145.41,17,,,
1029,12/03/2019,145.31,17,,,
1030,12/02/2019,148.78,17,,,
1031,12/01/2019,150.59,17,,,
1032,11/30/2019,148.38,17,,,
1033,11/29/2019,153.43,17,,,
1034,11/28/2019,152.32,17,,,
1035,11/27/2019,152.1,17,,,
1036,11/26/2019,146.35,17,,,
1037,11/25/2019,147.83,17,,,
1038,11/24/2019,138.52,17,,,
1039,11/23/2019,150.36,17,,,
1040,11/22/2019,150.1,17,,,
1041,11/21/2019,161.76,17,,,
1042,11/20/2019,175.39,17,,,
1043,11/19/2019,174.72,17,,,
1044,11/18/2019,178.1,17,,,
1045,11/17/2019,183.29,17,,,
1046,11/16/2019,182.45,17,,,
1047,11/15/2019,180.66,17,,,
1048,11/14/2019,182.53,17,,,
1049,11/13/2019,187.56,17,,,
1050,11/12/2019,185.97,17,,,
1051,11/11/2019,185.87,17,,,
1052,11/10/2019,189.31,17,,,
1053,11/09/2019,183.98,17,,,
1054,11/08/2019,184.72,17,,,
1055,11/07/2019,188.28,17,,,
1056,11/06/2019,189.28,17,,,
1057,11/05/2019,190.23,17,,,
1058,11/04/2019,186.14,17,,,
1059,11/03/2019,181.54,17,,,
1060,11/02/2019,183.25,17,,,
1061,11/01/2019,182.77,17,,,
1062,10/31/2019,182.21,17,,,
1063,10/30/2019,182.42,17,,,
1064,10/29/2019,190.94,17,,,
1065,10/28/2019,184.17,17,,,
1066,10/27/2019,186.1,17,,,
1067,10/26/2019,178.26,17,,,
1068,10/25/2019,191.42,17,,,
1069,10/24/2019,161.04,17,,,
1070,10/23/2019,161.07,17,,,
1071,10/22/2019,171.03,17,,,
1072,10/21/2019,173.98,17,,,
1073,10/20/2019,174.41,17,,,
1074,10/19/2019,170.4,17,,,
1075,10/18/2019,171.65,17,,,
1076,10/17/2019,177.11,17,,,
1077,10/16/2019,174.1,17,,,
1078,10/15/2019,179.72,17,,,
1079,10/14/2019,186.16,17,,,
1080,10/13/2019,182.42,17,,,
1081,10/12/2019,182.58,17,,,
1082,10/11/2019,182.68,17,,,
1083,10/10/2019,190.1,17,,,
1084,10/09/2019,191.75,17,,,
1085,10/08/2019,180.5,17,,,
1086,10/07/2019,184.08,17,,,
1087,10/06/2019,174.19,17,,,
1088,10/05/2019,175.33,17,,,
1089,10/04/2019,174.89,17,,,
1090,10/03/2019,173.16,17,,,
1091,10/02/2019,179.42,17,,,
1092,10/01/2019,176.66,17,,,
1093,09/30/2019,181.05,17,,,
1094,09/29/2019,168.75,17,,,
1095,09/28/2019,172.46,17,,,
1096,09/27/2019,174.36,17,,,
1097,09/26/2019,163.44,17,,,
1098,09/25/2019,167.27,17,,,
1099,09/24/2019,172.85,17,,,
1100,09/23/2019,201.54,17,,,
1101,09/22/2019,209.16,17,,,
1102,09/21/2019,211.03,17,,,
1103,09/20/2019,219.94,17,,,
1104,09/19/2019,218.62,17,,,
1105,09/18/2019,207.53,17,,,
1106,09/17/2019,210.9,17,,,
1107,09/16/2019,197.05,17,,,
1108,09/15/2019,194.3,17,,,
1109,09/14/2019,187.89,17,,,
1110,09/13/2019,180.92,17,,,
1111,09/12/2019,180.47,17,,,
1112,09/11/2019,177.71,17,,,
1113,09/10/2019,180.17,17,,,
1114,09/09/2019,182.47,17,,,
1115,09/08/2019,180.47,17,,,
1116,09/07/2019,178.59,17,,,
1117,09/06/2019,169.37,17,,,
1118,09/05/2019,173.92,17,,,
1119,09/04/2019,173.85,17,,,
1120,08/16/2019,184.48,17,,,
1121,08/15/2019,187.14,17,,,
1122,08/14/2019,187.24,17,,,
1123,08/13/2019,207.64,17,,,
1124,08/11/2019,214.65,17,,,
1125,08/10/2019,210.6,17,,,
1126,08/06/2019,229.83,17,,,
1127,08/05/2019,227.11,17,,,
1128,08/04/2019,225.02,17,,,
1129,08/03/2019,221.06,17,,,
1130,08/02/2019,222.65,17,,,
1131,08/01/2019,215.52,17,,,
1132,07/31/2019,212.82,17,,,
1133,07/30/2019,210.47,17,,,
1134,07/29/2019,207.15,17,,,
1135,07/28/2019,212.8,17,,,
1136,07/27/2019,206.56,17,,,
1137,07/26/2019,220.37,17,,,
1138,07/25/2019,213.45,17,,,
1139,07/24/2019,220.71,17,,,
1140,07/23/2019,203.95,17,,,
1141,07/22/2019,215.48,17,,,
1142,07/21/2019,224.61,17,,,
1143,07/20/2019,224.97,17,,,
1144,07/19/2019,220.51,17,,,
1145,07/18/2019,223.03,17,,,
1146,07/17/2019,211.42,17,,,
1147,07/16/2019,195.74,17,,,
1148,07/15/2019,229.37,17,,,
1149,07/14/2019,216.61,17,,,
1150,07/13/2019,268.79,17,,,
1151,07/12/2019,273.36,17,,,
1152,07/11/2019,270.66,17,,,
1153,07/10/2019,284.93,17,,,
1154,07/09/2019,311.81,17,,,
1155,07/08/2019,314.6,17,,,
1156,07/07/2019,304.03,17,,,
1157,07/06/2019,287,17,,,
1158,07/05/2019,290.92,17,,,
1159,07/04/2019,286.11,17,,,
1160,07/03/2019,298.59,17,,,
1161,07/02/2019,295.06,17,,,
1162,07/01/2019,288.81,17,,,
1163,06/30/2019,298.93,17,,,
1164,06/29/2019,319.77,17,,,
1165,06/28/2019,298.12,17,,,
1166,06/27/2019,301.22,17,,,
1167,06/26/2019,333.41,17,,,
1168,06/25/2019,316.38,17,,,
1169,06/24/2019,311.32,17,,,
1170,06/23/2019,306.04,17,,,
1171,06/22/2019,315.9,17,,,
1172,06/21/2019,305.06,17,,,
1173,06/20/2019,280.49,17,,,
1174,06/19/2019,268.12,17,,,
1175,06/18/2019,265.59,17,,,
1176,06/17/2019,271.52,17,,,
1177,06/16/2019,271.48,17,,,
1178,06/15/2019,269.53,17,,,
1179,06/14/2019,265.36,17,,,
1180,06/13/2019,253.92,17,,,
1181,06/12/2019,259.31,17,,,
1182,06/11/2019,243.97,17,,,
1183,06/10/2019,244.69,17,,,
1184,06/09/2019,233.53,17,,,
1185,06/08/2019,241.33,17,,,
1186,06/07/2019,248.46,17,,,
1187,06/06/2019,246.71,17,,,
1188,06/05/2019,246.42,17,,,
1189,06/04/2019,240.85,17,,,
1190,06/03/2019,248.55,17,,,
1191,06/02/2019,267.37,17,,,
1192,06/01/2019,267.59,17,,,
1193,05/31/2019,271.98,17,,,
1194,05/30/2019,256.64,17,,,
1195,05/29/2019,268.94,17,,,
1196,05/28/2019,268.28,17,,,
1197,05/27/2019,273.22,17,,,
1198,05/26/2019,264.37,17,,,
1199,05/25/2019,250.72,17,,,
1200,05/24/2019,250.48,17,,,
1201,05/23/2019,242.45,17,,,
1202,05/22/2019,243.03,17,,,
1203,05/21/2019,256.83,17,,,
1204,05/20/2019,249.79,17,,,
1205,05/19/2019,247.97,17,,,
1206,05/18/2019,244.84,17,,,
1207,05/17/2019,240.16,17,,,
1208,05/16/2019,253.77,17,,,
1209,05/15/2019,264,17,,,
1210,05/14/2019,221.17,17,,,
1211,05/13/2019,203.52,17,,,
1212,05/12/2019,189.45,17,,,
1213,05/11/2019,190.12,17,,,
1214,05/10/2019,176.68,17,,,
1215,05/09/2019,170.1,17,,,
1216,05/08/2019,172.17,17,,,
1217,05/07/2019,169.21,17,,,
1218,05/06/2019,179.05,17,,,
1219,05/05/2019,161.6,17,,,
1220,05/04/2019,164.05,17,,,
1221,05/03/2019,168.98,17,,,
1222,03/18/2019,137.63,17,,,
1223,03/17/2019,139.26,17,,,
1224,03/16/2019,140.33,17,,,
1225,03/15/2019,137.01,17,,,
1226,03/14/2019,132.61,17,,,
1227,03/13/2019,132.06,17,,,
1228,03/12/2019,133.8,17,,,
1229,03/11/2019,133.42,17,,,
1230,03/10/2019,135.72,17,,,
1231,03/09/2019,137.52,17,,,
1232,03/08/2019,133.85,17,,,