id,date,price,stock_id,,,
1,29/06/2010,1.5927,18,,,
2,30/06/2010,1.5887,18,,,
3,01/07/2010,1.464,18,,,
4,02/07/2010,1.28,18,,,
5,06/07/2010,1.074,18,,,
6,07/07/2010,1.0533,18,,,
7,08/07/2010,1.164,18,,,
8,09/07/2010,1.16,18,,,
9,12/07/2010,1.1367,18,,,
10,13/07/2010,1.2093,18,,,
11,14/07/2010,1.3227,18,,,
12,15/07/2010,1.326,18,,,
13,16/07/2010,1.376,18,,,
14,19/07/2010,1.4607,18,,,
15,20/07/2010,1.3533,18,,,
16,21/07/2010,1.348,18,,,
17,22/07/2010,1.4,18,,,
18,23/07/2010,1.4193,18,,,
19,26/07/2010,1.3967,18,,,
20,27/07/2010,1.37,18,,,
21,28/07/2010,1.3813,18,,,
22,29/07/2010,1.3567,18,,,
23,30/07/2010,1.3293,18,,,
24,02/08/2010,1.3947,18,,,
25,03/08/2010,1.4633,18,,,
26,04/08/2010,1.4173,18,,,
27,05/08/2010,1.3633,18,,,
28,06/08/2010,1.306,18,,,
29,09/08/2010,1.3067,18,,,
30,10/08/2010,1.2687,18,,,
31,11/08/2010,1.1933,18,,,
32,12/08/2010,1.1733,18,,,
33,13/08/2010,1.2213,18,,,
34,16/08/2010,1.252,18,,,
35,17/08/2010,1.2767,18,,,
36,18/08/2010,1.2513,18,,,
37,19/08/2010,1.2527,18,,,
38,20/08/2010,1.2733,18,,,
39,23/08/2010,1.342,18,,,
40,24/08/2010,1.28,18,,,
41,25/08/2010,1.3267,18,,,
42,26/08/2010,1.3167,18,,,
43,27/08/2010,1.3133,18,,,
44,30/08/2010,1.3247,18,,,
45,31/08/2010,1.2987,18,,,
46,01/09/2010,1.3633,18,,,
47,02/09/2010,1.404,18,,,
48,03/09/2010,1.4033,18,,,
49,07/09/2010,1.3693,18,,,
50,08/09/2010,1.3933,18,,,
51,09/09/2010,1.3807,18,,,
52,10/09/2010,1.3447,18,,,
53,13/09/2010,1.3813,18,,,
54,14/09/2010,1.408,18,,,
55,15/09/2010,1.4653,18,,,
56,16/09/2010,1.396,18,,,
57,17/09/2010,1.3487,18,,,
58,20/09/2010,1.4037,18,,,
59,21/09/2010,1.3847,18,,,
60,22/09/2010,1.3247,18,,,
61,23/09/2010,1.304,18,,,
62,24/09/2010,1.34,18,,,
63,27/09/2010,1.3687,18,,,
64,28/09/2010,1.4267,18,,,
65,29/09/2010,1.4653,18,,,
66,30/09/2010,1.3603,18,,,
67,01/10/2010,1.3733,18,,,
68,04/10/2010,1.3993,18,,,
69,05/10/2010,1.408,18,,,
70,06/10/2010,1.364,18,,,
71,07/10/2010,1.362,18,,,
72,08/10/2010,1.362,18,,,
73,11/10/2010,1.3493,18,,,
74,12/10/2010,1.3493,18,,,
75,13/10/2010,1.3693,18,,,
76,14/10/2010,1.3833,18,,,
77,15/10/2010,1.3693,18,,,
78,18/10/2010,1.3487,18,,,
79,19/10/2010,1.3367,18,,,
80,20/10/2010,1.3767,18,,,
81,21/10/2010,1.3833,18,,,
82,22/10/2010,1.3813,18,,,
83,25/10/2010,1.39,18,,,
84,26/10/2010,1.424,18,,,
85,27/10/2010,1.4,18,,,
86,28/10/2010,1.4127,18,,,
87,29/10/2010,1.456,18,,,
88,01/11/2010,1.4273,18,,,
89,02/11/2010,1.4167,18,,,
90,03/11/2010,1.4513,18,,,
91,04/11/2010,1.66,18,,,
92,05/11/2010,1.6293,18,,,
93,08/11/2010,1.6653,18,,,
94,09/11/2010,1.642,18,,,
95,10/11/2010,1.9573,18,,,
96,11/11/2010,1.869,18,,,
97,12/11/2010,1.9893,18,,,
98,15/11/2010,2.0533,18,,,
99,16/11/2010,1.978,18,,,
100,17/11/2010,1.966,18,,,
101,18/11/2010,1.9927,18,,,
102,19/11/2010,2.066,18,,,
103,22/11/2010,2.2267,18,,,
104,23/11/2010,2.3047,18,,,
105,24/11/2010,2.3647,18,,,
106,26/11/2010,2.3547,18,,,
107,29/11/2010,2.2887,18,,,
108,30/11/2010,2.3553,18,,,
109,01/12/2010,2.29,18,,,
110,02/12/2010,2.1567,18,,,
111,03/12/2010,2.0993,18,,,
112,06/12/2010,2.0207,18,,,
113,07/12/2010,2.104,18,,,
114,08/12/2010,2.158,18,,,
115,09/12/2010,2.1367,18,,,
116,10/12/2010,2.1013,18,,,
117,13/12/2010,2.0367,18,,,
118,14/12/2010,1.902,18,,,
119,15/12/2010,1.9733,18,,,
120,16/12/2010,2.054,18,,,
121,17/12/2010,2.0907,18,,,
122,20/12/2010,2.1133,18,,,
123,21/12/2010,2.1507,18,,,
124,22/12/2010,2.1753,18,,,
125,23/12/2010,2.006,18,,,
126,27/12/2010,1.7033,18,,,
127,28/12/2010,1.7607,18,,,
128,29/12/2010,1.8487,18,,,
129,30/12/2010,1.7667,18,,,
130,31/12/2010,1.7753,18,,,
131,03/01/2011,1.7747,18,,,
132,04/01/2011,1.778,18,,,
133,05/01/2011,1.7887,18,,,
134,06/01/2011,1.8587,18,,,
135,07/01/2011,1.8827,18,,,
136,10/01/2011,1.8967,18,,,
137,11/01/2011,1.7973,18,,,
138,12/01/2011,1.7973,18,,,
139,13/01/2011,1.748,18,,,
140,14/01/2011,1.7167,18,,,
141,18/01/2011,1.7093,18,,,
142,19/01/2011,1.602,18,,,
143,20/01/2011,1.508,18,,,
144,21/01/2011,1.536,18,,,
145,24/01/2011,1.6327,18,,,
146,25/01/2011,1.6453,18,,,
147,26/01/2011,1.65,18,,,
148,27/01/2011,1.6613,18,,,
149,28/01/2011,1.6007,18,,,
150,31/01/2011,1.6067,18,,,
151,01/02/2011,1.594,18,,,
152,02/02/2011,1.596,18,,,
153,03/02/2011,1.5753,18,,,
154,04/02/2011,1.564,18,,,
155,07/02/2011,1.538,18,,,
156,08/02/2011,1.6327,18,,,
157,09/02/2011,1.5473,18,,,
158,10/02/2011,1.5477,18,,,
159,11/02/2011,1.55,18,,,
160,14/02/2011,1.5387,18,,,
161,15/02/2011,1.5227,18,,,
162,16/02/2011,1.6487,18,,,
163,17/02/2011,1.5733,18,,,
164,18/02/2011,1.5453,18,,,
165,22/02/2011,1.458,18,,,
166,23/02/2011,1.4553,18,,,
167,24/02/2011,1.502,18,,,
168,25/02/2011,1.574,18,,,
169,28/02/2011,1.5927,18,,,
170,01/03/2011,1.596,18,,,
171,02/03/2011,1.6013,18,,,
172,03/03/2011,1.624,18,,,
173,04/03/2011,1.6633,18,,,
174,07/03/2011,1.6627,18,,,
175,08/03/2011,1.644,18,,,
176,09/03/2011,1.648,18,,,
177,10/03/2011,1.6007,18,,,
178,11/03/2011,1.6047,18,,,
179,14/03/2011,1.55,18,,,
180,15/03/2011,1.53,18,,,
181,16/03/2011,1.5213,18,,,
182,17/03/2011,1.5207,18,,,
183,18/03/2011,1.5307,18,,,
184,21/03/2011,1.5153,18,,,
185,22/03/2011,1.4793,18,,,
186,23/03/2011,1.4807,18,,,
187,24/03/2011,1.4887,18,,,
188,25/03/2011,1.5167,18,,,
189,28/03/2011,1.55,18,,,
190,29/03/2011,1.5947,18,,,
191,30/03/2011,1.5807,18,,,
192,31/03/2011,1.85,18,,,
193,01/04/2011,1.7773,18,,,
194,04/04/2011,1.722,18,,,
195,05/04/2011,1.78,18,,,
196,06/04/2011,1.766,18,,,
197,07/04/2011,1.816,18,,,
198,08/04/2011,1.766,18,,,
199,11/04/2011,1.6847,18,,,
200,12/04/2011,1.6433,18,,,
201,13/04/2011,1.662,18,,,
202,14/04/2011,1.676,18,,,
203,15/04/2011,1.7053,18,,,
204,18/04/2011,1.6687,18,,,
205,19/04/2011,1.6773,18,,,
206,20/04/2011,1.7167,18,,,
207,21/04/2011,1.7827,18,,,
208,25/04/2011,1.7593,18,,,
209,26/04/2011,1.7953,18,,,
210,27/04/2011,1.8053,18,,,
211,28/04/2011,1.844,18,,,
212,29/04/2011,1.84,18,,,
213,02/05/2011,1.83,18,,,
214,03/05/2011,1.7913,18,,,
215,04/05/2011,1.7793,18,,,
216,05/05/2011,1.7627,18,,,
217,06/05/2011,1.808,18,,,
218,09/05/2011,1.8607,18,,,
219,10/05/2011,1.8887,18,,,
220,11/05/2011,1.8047,18,,,
221,12/05/2011,1.8447,18,,,
222,13/05/2011,1.8367,18,,,
223,16/05/2011,1.7733,18,,,
224,17/05/2011,1.7307,18,,,
225,18/05/2011,1.7567,18,,,
226,19/05/2011,1.88,18,,,
227,20/05/2011,1.8647,18,,,
228,23/05/2011,1.788,18,,,
229,24/05/2011,1.7813,18,,,
230,25/05/2011,1.932,18,,,
231,26/05/2011,1.9653,18,,,
232,27/05/2011,1.97,18,,,
233,31/05/2011,2.0093,18,,,
234,01/06/2011,1.9011,18,,,
235,02/06/2011,1.9173,18,,,
236,03/06/2011,2.0087,18,,,
237,06/06/2011,1.9133,18,,,
238,07/06/2011,1.8913,18,,,
239,08/06/2011,1.808,18,,,
240,09/06/2011,1.8413,18,,,
241,10/06/2011,1.8573,18,,,
242,13/06/2011,1.8953,18,,,
243,14/06/2011,1.9067,18,,,
244,15/06/2011,1.8213,18,,,
245,16/06/2011,1.7667,18,,,
246,17/06/2011,1.7667,18,,,
247,20/06/2011,1.734,18,,,
248,21/06/2011,1.8353,18,,,
249,22/06/2011,1.814,18,,,
250,23/06/2011,1.8473,18,,,
251,24/06/2011,1.8377,18,,,
252,27/06/2011,1.8307,18,,,
253,28/06/2011,1.874,18,,,
254,29/06/2011,1.886,18,,,
255,30/06/2011,1.942,18,,,
256,01/07/2011,1.9347,18,,,
257,05/07/2011,1.9427,18,,,
258,06/07/2011,1.9307,18,,,
259,07/07/2011,1.982,18,,,
260,08/07/2011,1.9207,18,,,
261,11/07/2011,1.89,18,,,
262,12/07/2011,1.878,18,,,
263,13/07/2011,1.9093,18,,,
264,14/07/2011,1.8407,18,,,
265,15/07/2011,1.8387,18,,,
266,18/07/2011,1.8153,18,,,
267,19/07/2011,1.8593,18,,,
268,20/07/2011,1.9127,18,,,
269,21/07/2011,1.9133,18,,,
270,22/07/2011,1.9527,18,,,
271,25/07/2011,1.8993,18,,,
272,26/07/2011,1.8667,18,,,
273,27/07/2011,1.8427,18,,,
274,28/07/2011,1.878,18,,,
275,29/07/2011,1.878,18,,,
276,01/08/2011,1.918,18,,,
277,02/08/2011,1.8227,18,,,
278,03/08/2011,1.8133,18,,,
279,04/08/2011,1.65,18,,,
280,05/08/2011,1.616,18,,,
281,08/08/2011,1.576,18,,,
282,09/08/2011,1.6707,18,,,
283,10/08/2011,1.588,18,,,
284,11/08/2011,1.6867,18,,,
285,12/08/2011,1.754,18,,,
286,15/08/2011,1.7487,18,,,
287,16/08/2011,1.74,18,,,
288,17/08/2011,1.722,18,,,
289,18/08/2011,1.6173,18,,,
290,19/08/2011,1.4867,18,,,
291,22/08/2011,1.4633,18,,,
292,23/08/2011,1.5307,18,,,
293,24/08/2011,1.5913,18,,,
294,25/08/2011,1.5407,18,,,
295,26/08/2011,1.582,18,,,
296,29/08/2011,1.6473,18,,,
297,30/08/2011,1.642,18,,,
298,31/08/2011,1.6493,18,,,
299,01/09/2011,1.6,18,,,
300,02/09/2011,1.538,18,,,
301,06/09/2011,1.5293,18,,,
302,07/09/2011,1.5893,18,,,
303,08/09/2011,1.574,18,,,
304,09/09/2011,1.5313,18,,,
305,12/09/2011,1.5253,18,,,
306,13/09/2011,1.6053,18,,,
307,14/09/2011,1.6227,18,,,
308,15/09/2011,1.6547,18,,,
309,16/09/2011,1.72,18,,,
310,19/09/2011,1.718,18,,,
311,20/09/2011,1.734,18,,,
312,21/09/2011,1.7233,18,,,
313,22/09/2011,1.7087,18,,,
314,23/09/2011,1.7587,18,,,
315,26/09/2011,1.7013,18,,,
316,27/09/2011,1.746,18,,,
317,28/09/2011,1.6393,18,,,
318,29/09/2011,1.608,18,,,
319,30/09/2011,1.626,18,,,
320,03/10/2011,1.582,18,,,
321,04/10/2011,1.5773,18,,,
322,05/10/2011,1.6913,18,,,
323,06/10/2011,1.7973,18,,,
324,07/10/2011,1.7993,18,,,
325,10/10/2011,1.8587,18,,,
326,11/10/2011,1.8407,18,,,
327,12/10/2011,1.8533,18,,,
328,13/10/2011,1.8627,18,,,
329,14/10/2011,1.87,18,,,
330,17/10/2011,1.828,18,,,
331,18/10/2011,1.8893,18,,,
332,19/10/2011,1.838,18,,,
333,20/10/2011,1.8227,18,,,
334,21/10/2011,1.8687,18,,,
335,24/10/2011,1.9033,18,,,
336,25/10/2011,1.8833,18,,,
337,26/10/2011,1.8653,18,,,
338,27/10/2011,1.9173,18,,,
339,28/10/2011,1.9913,18,,,
340,31/10/2011,1.958,18,,,
341,01/11/2011,1.9253,18,,,
342,02/11/2011,1.914,18,,,
343,03/11/2011,2.164,18,,,
344,04/11/2011,2.154,18,,,
345,07/11/2011,2.0847,18,,,
346,08/11/2011,2.1227,18,,,
347,09/11/2011,2.0587,18,,,
348,10/11/2011,2.0887,18,,,
349,11/11/2011,2.2427,18,,,
350,14/11/2011,2.2147,18,,,
351,15/11/2011,2.262,18,,,
352,16/11/2011,2.3293,18,,,
353,17/11/2011,2.2453,18,,,
354,18/11/2011,2.1733,18,,,
355,21/11/2011,2.1173,18,,,
356,22/11/2011,2.138,18,,,
357,23/11/2011,2.0967,18,,,
358,25/11/2011,2.1107,18,,,
359,28/11/2011,2.1707,18,,,
360,29/11/2011,2.1167,18,,,
361,30/11/2011,2.1827,18,,,
362,01/12/2011,2.1733,18,,,
363,02/12/2011,2.22,18,,,
364,05/12/2011,2.2947,18,,,
365,06/12/2011,2.3247,18,,,
366,07/12/2011,2.2793,18,,,
367,08/12/2011,2.0593,18,,,
368,09/12/2011,2.0693,18,,,
369,12/12/2011,2.0273,18,,,
370,13/12/2011,1.9633,18,,,
371,14/12/2011,1.902,18,,,
372,15/12/2011,1.908,18,,,
373,16/12/2011,1.8667,18,,,
374,19/12/2011,1.85,18,,,
375,20/12/2011,1.86,18,,,
376,21/12/2011,1.838,18,,,
377,22/12/2011,1.8513,18,,,
378,23/12/2011,1.86,18,,,
379,27/12/2011,1.9047,18,,,
380,28/12/2011,1.9007,18,,,
381,29/12/2011,1.9153,18,,,
382,30/12/2011,1.904,18,,,
383,03/01/2012,1.872,18,,,
384,04/01/2012,1.8473,18,,,
385,05/01/2012,1.808,18,,,
386,06/01/2012,1.794,18,,,
387,09/01/2012,1.8167,18,,,
388,10/01/2012,1.8413,18,,,
389,11/01/2012,1.882,18,,,
390,12/01/2012,1.8833,18,,,
391,13/01/2012,1.5193,18,,,
392,17/01/2012,1.7733,18,,,
393,18/01/2012,1.7873,18,,,
394,19/01/2012,1.784,18,,,
395,20/01/2012,1.7733,18,,,
396,23/01/2012,1.7847,18,,,
397,24/01/2012,1.828,18,,,
398,25/01/2012,1.8647,18,,,
399,26/01/2012,1.9293,18,,,
400,27/01/2012,1.9553,18,,,
401,30/01/2012,1.9713,18,,,
402,31/01/2012,1.938,18,,,
403,01/02/2012,1.972,18,,,
404,02/02/2012,2.0167,18,,,
405,03/02/2012,2.0767,18,,,
406,06/02/2012,2.12,18,,,
407,07/02/2012,2.1067,18,,,
408,08/02/2012,2.1287,18,,,
409,09/02/2012,2.172,18,,,
410,10/02/2012,2.0733,18,,,
411,13/02/2012,2.0993,18,,,
412,14/02/2012,2.2113,18,,,
413,15/02/2012,2.24,18,,,
414,16/02/2012,2.2787,18,,,
415,17/02/2012,2.3313,18,,,
416,21/02/2012,2.3,18,,,
417,22/02/2012,2.2813,18,,,
418,23/02/2012,2.302,18,,,
419,24/02/2012,2.25,18,,,
420,27/02/2012,2.2413,18,,,
421,28/02/2012,2.254,18,,,
422,29/02/2012,2.2273,18,,,
423,01/03/2012,2.294,18,,,
424,02/03/2012,2.2693,18,,,
425,05/03/2012,2.2513,18,,,
426,06/03/2012,2.2073,18,,,
427,07/03/2012,2.208,18,,,
428,08/03/2012,2.2047,18,,,
429,09/03/2012,2.316,18,,,
430,12/03/2012,2.4007,18,,,
431,13/03/2012,2.406,18,,,
432,14/03/2012,2.3527,18,,,
433,15/03/2012,2.3333,18,,,
434,16/03/2012,2.3547,18,,,
435,19/03/2012,2.332,18,,,
436,20/03/2012,2.3307,18,,,
437,21/03/2012,2.3433,18,,,
438,22/03/2012,2.2933,18,,,
439,23/03/2012,2.272,18,,,
440,26/03/2012,2.4933,18,,,
441,27/03/2012,2.5293,18,,,
442,28/03/2012,2.5233,18,,,
443,29/03/2012,2.4887,18,,,
444,30/03/2012,2.4827,18,,,
445,02/04/2012,2.4387,18,,,
446,03/04/2012,2.534,18,,,
447,04/04/2012,2.3333,18,,,
448,05/04/2012,2.2987,18,,,
449,09/04/2012,2.21,18,,,
450,10/04/2012,2.164,18,,,
451,11/04/2012,2.206,18,,,
452,12/04/2012,2.2293,18,,,
453,13/04/2012,2.2393,18,,,
454,16/04/2012,2.15,18,,,
455,17/04/2012,2.1493,18,,,
456,18/04/2012,2.1773,18,,,
457,19/04/2012,2.2107,18,,,
458,20/04/2012,2.2107,18,,,
459,23/04/2012,2.1293,18,,,
460,24/04/2012,2.1213,18,,,
461,25/04/2012,2.194,18,,,
462,26/04/2012,2.2327,18,,,
463,27/04/2012,2.2227,18,,,
464,30/04/2012,2.2087,18,,,
465,01/05/2012,2.252,18,,,
466,02/05/2012,2.2627,18,,,
467,03/05/2012,2.164,18,,,
468,04/05/2012,2.122,18,,,
469,07/05/2012,2.1647,18,,,
470,08/05/2012,2.0127,18,,,
471,09/05/2012,2.004,18,,,
472,10/05/2012,2.1973,18,,,
473,11/05/2012,2.15,18,,,
474,14/05/2012,2.004,18,,,
475,15/05/2012,1.962,18,,,
476,16/05/2012,1.9453,18,,,
477,17/05/2012,1.9047,18,,,
478,18/05/2012,1.8373,18,,,
479,21/05/2012,1.918,18,,,
480,22/05/2012,2.0527,18,,,
481,23/05/2012,2.068,18,,,
482,24/05/2012,2.0213,18,,,
483,25/05/2012,1.9873,18,,,
484,29/05/2012,2.1127,18,,,
485,30/05/2012,2.0273,18,,,
486,31/05/2012,1.9667,18,,,
487,01/06/2012,1.8767,18,,,
488,04/06/2012,1.8587,18,,,
489,05/06/2012,1.8607,18,,,
490,06/06/2012,1.948,18,,,
491,07/06/2012,1.9287,18,,,
492,08/06/2012,2.0053,18,,,
493,11/06/2012,1.9413,18,,,
494,12/06/2012,1.9773,18,,,
495,13/06/2012,1.9847,18,,,
496,14/06/2012,1.9593,18,,,
497,15/06/2012,1.994,18,,,
498,18/06/2012,2.1227,18,,,
499,19/06/2012,2.1393,18,,,
500,20/06/2012,2.252,18,,,
501,21/06/2012,2.146,18,,,
502,22/06/2012,2.2523,18,,,
503,25/06/2012,2.2073,18,,,
504,26/06/2012,2.1073,18,,,
505,27/06/2012,2.1307,18,,,
506,28/06/2012,2.094,18,,,
507,29/06/2012,2.086,18,,,
508,02/07/2012,2.0267,18,,,
509,03/07/2012,2.044,18,,,
510,05/07/2012,2.082,18,,,
511,06/07/2012,2.066,18,,,
512,09/07/2012,2.0993,18,,,
513,10/07/2012,2.0847,18,,,
514,11/07/2012,2.1007,18,,,
515,12/07/2012,2.18,18,,,
516,13/07/2012,2.2833,18,,,
517,16/07/2012,2.3973,18,,,
518,17/07/2012,2.2233,18,,,
519,18/07/2012,2.1433,18,,,
520,19/07/2012,2.1513,18,,,
521,20/07/2012,2.1193,18,,,
522,23/07/2012,2.044,18,,,
523,24/07/2012,1.9893,18,,,
524,25/07/2012,1.93,18,,,
525,26/07/2012,1.8753,18,,,
526,27/07/2012,1.9673,18,,,
527,30/07/2012,1.8233,18,,,
528,31/07/2012,1.828,18,,,
529,01/08/2012,1.75,18,,,
530,02/08/2012,1.74,18,,,
531,03/08/2012,1.818,18,,,
532,06/08/2012,1.8847,18,,,
533,07/08/2012,2.0167,18,,,
534,08/08/2012,1.9393,18,,,
535,09/08/2012,1.9607,18,,,
536,10/08/2012,1.996,18,,,
537,13/08/2012,2.078,18,,,
538,14/08/2012,1.9613,18,,,
539,15/08/2012,1.96,18,,,
540,16/08/2012,2.02,18,,,
541,17/08/2012,2.0007,18,,,
542,20/08/2012,1.9673,18,,,
543,21/08/2012,1.9407,18,,,
544,22/08/2012,1.9967,18,,,
545,23/08/2012,2.0487,18,,,
546,24/08/2012,1.9667,18,,,
547,27/08/2012,1.888,18,,,
548,28/08/2012,1.9127,18,,,
549,29/08/2012,1.894,18,,,
550,30/08/2012,1.894,18,,,
551,31/08/2012,1.9013,18,,,
552,04/09/2012,1.876,18,,,
553,05/09/2012,1.8627,18,,,
554,06/09/2012,1.9033,18,,,
555,07/09/2012,1.9567,18,,,
556,10/09/2012,1.8247,18,,,
557,11/09/2012,1.8533,18,,,
558,12/09/2012,1.8853,18,,,
559,13/09/2012,1.9653,18,,,
560,14/09/2012,2.026,18,,,
561,17/09/2012,2.1693,18,,,
562,18/09/2012,2.0893,18,,,
563,19/09/2012,2.07,18,,,
564,20/09/2012,2.06,18,,,
565,21/09/2012,2.0013,18,,,
566,24/09/2012,2.044,18,,,
567,25/09/2012,1.844,18,,,
568,26/09/2012,1.836,18,,,
569,27/09/2012,1.8993,18,,,
570,28/09/2012,1.952,18,,,
571,01/10/2012,1.944,18,,,
572,02/10/2012,1.9867,18,,,
573,03/10/2012,1.9533,18,,,
574,04/10/2012,1.96,18,,,
575,05/10/2012,1.926,18,,,
576,08/10/2012,1.95,18,,,
577,09/10/2012,1.8913,18,,,
578,10/10/2012,1.8933,18,,,
579,11/10/2012,1.888,18,,,
580,12/10/2012,1.8427,18,,,
581,15/10/2012,1.822,18,,,
582,16/10/2012,1.8707,18,,,
583,17/10/2012,1.9213,18,,,
584,18/10/2012,1.8693,18,,,
585,19/10/2012,1.8493,18,,,
586,22/10/2012,1.8567,18,,,
587,23/10/2012,1.8927,18,,,
588,24/10/2012,1.828,18,,,
589,25/10/2012,1.8347,18,,,
590,26/10/2012,1.8253,18,,,
591,31/10/2012,1.8754,18,,,
592,01/11/2012,1.9497,18,,,
593,02/11/2012,1.9279,18,,,
594,05/11/2012,2.1,18,,,
595,06/11/2012,2.0767,18,,,
596,07/11/2012,2.1027,18,,,
597,08/11/2012,2.0873,18,,,
598,09/11/2012,2.0213,18,,,
599,12/11/2012,2.0713,18,,,
600,13/11/2012,2.1076,18,,,
601,14/11/2012,2.092,18,,,
602,15/11/2012,2.0547,18,,,
603,16/11/2012,2.1227,18,,,
604,19/11/2012,2.1947,18,,,
605,20/11/2012,2.2,18,,,
606,21/11/2012,2.1647,18,,,
607,23/11/2012,2.142,18,,,
608,26/11/2012,2.1513,18,,,
609,27/11/2012,2.1433,18,,,
610,28/11/2012,2.2153,18,,,
611,29/11/2012,2.246,18,,,
612,30/11/2012,2.2547,18,,,
613,03/12/2012,2.308,18,,,
614,04/12/2012,2.26,18,,,
615,05/12/2012,2.2473,18,,,
616,06/12/2012,2.26,18,,,
617,07/12/2012,2.278,18,,,
618,10/12/2012,2.3047,18,,,
619,11/12/2012,2.352,18,,,
620,12/12/2012,2.3507,18,,,
621,13/12/2012,2.2407,18,,,
622,14/12/2012,2.254,18,,,
623,17/12/2012,2.2933,18,,,
624,18/12/2012,2.306,18,,,
625,19/12/2012,2.3073,18,,,
626,20/12/2012,2.2953,18,,,
627,21/12/2012,2.2667,18,,,
628,24/12/2012,2.2853,18,,,
629,26/12/2012,2.2393,18,,,
630,27/12/2012,2.246,18,,,
631,28/12/2012,2.2147,18,,,
632,31/12/2012,2.258,18,,,
633,02/01/2013,2.3573,18,,,
634,03/01/2013,2.318,18,,,
635,04/01/2013,2.2933,18,,,
636,07/01/2013,2.2893,18,,,
637,08/01/2013,2.2453,18,,,
638,09/01/2013,2.2427,18,,,
639,10/01/2013,2.2353,18,,,
640,11/01/2013,2.194,18,,,
641,14/01/2013,2.2173,18,,,
642,15/01/2013,2.26,18,,,
643,16/01/2013,2.2733,18,,,
644,17/01/2013,2.292,18,,,
645,18/01/2013,2.3013,18,,,
646,22/01/2013,2.346,18,,,
647,23/01/2013,2.4,18,,,
648,24/01/2013,2.466,18,,,
649,25/01/2013,2.4653,18,,,
650,28/01/2013,2.5353,18,,,
651,29/01/2013,2.53,18,,,
652,30/01/2013,2.5013,18,,,
653,31/01/2013,2.5007,18,,,
654,01/02/2013,2.5533,18,,,
655,04/02/2013,2.516,18,,,
656,05/02/2013,2.542,18,,,
657,06/02/2013,2.6113,18,,,
658,07/02/2013,2.632,18,,,
659,08/02/2013,2.616,18,,,
660,11/02/2013,2.5613,18,,,
661,12/02/2013,2.526,18,,,
662,13/02/2013,2.5633,18,,,
663,14/02/2013,2.5533,18,,,
664,15/02/2013,2.4693,18,,,
665,19/02/2013,2.6187,18,,,
666,20/02/2013,2.5693,18,,,
667,21/02/2013,2.344,18,,,
668,22/02/2013,2.4073,18,,,
669,25/02/2013,2.292,18,,,
670,26/02/2013,2.2953,18,,,
671,27/02/2013,2.34,18,,,
672,28/02/2013,2.322,18,,,
673,01/03/2013,2.31,18,,,
674,04/03/2013,2.372,18,,,
675,05/03/2013,2.4433,18,,,
676,06/03/2013,2.5127,18,,,
677,07/03/2013,2.5487,18,,,
678,08/03/2013,2.5647,18,,,
679,11/03/2013,2.6067,18,,,
680,12/03/2013,2.608,18,,,
681,13/03/2013,2.5987,18,,,
682,14/03/2013,2.4567,18,,,
683,15/03/2013,2.3527,18,,,
684,18/03/2013,2.3433,18,,,
685,19/03/2013,2.3387,18,,,
686,20/03/2013,2.3967,18,,,
687,21/03/2013,2.4007,18,,,
688,22/03/2013,2.4413,18,,,
689,25/03/2013,2.502,18,,,
690,26/03/2013,2.524,18,,,
691,27/03/2013,2.544,18,,,
692,28/03/2013,2.526,18,,,
693,01/04/2013,2.9287,18,,,
694,02/04/2013,2.956,18,,,
695,03/04/2013,2.74,18,,,
696,04/04/2013,2.8007,18,,,
697,05/04/2013,2.758,18,,,
698,08/04/2013,2.7887,18,,,
699,09/04/2013,2.7,18,,,
700,10/04/2013,2.7907,18,,,
701,11/04/2013,2.906,18,,,
702,12/04/2013,2.9167,18,,,
703,15/04/2013,2.8867,18,,,
704,16/04/2013,3.0393,18,,,
705,17/04/2013,3.03,18,,,
706,18/04/2013,3.1313,18,,,
707,19/04/2013,3.1887,18,,,
708,22/04/2013,3.346,18,,,
709,23/04/2013,3.4007,18,,,
710,24/04/2013,3.362,18,,,
711,25/04/2013,3.4667,18,,,
712,26/04/2013,3.4133,18,,,
713,29/04/2013,3.6627,18,,,
714,30/04/2013,3.5993,18,,,
715,01/05/2013,3.552,18,,,
716,02/05/2013,3.6073,18,,,
717,03/05/2013,3.6367,18,,,
718,06/05/2013,3.9667,18,,,
719,07/05/2013,3.7007,18,,,
720,08/05/2013,3.7191,18,,,
721,09/05/2013,4.6267,18,,,
722,10/05/2013,5.1176,18,,,
723,13/05/2013,5.8533,18,,,
724,14/05/2013,5.5493,18,,,
725,15/05/2013,5.6561,18,,,
726,16/05/2013,6.1499,18,,,
727,17/05/2013,6.1,18,,,
728,20/05/2013,5.996,18,,,
729,21/05/2013,5.8393,18,,,
730,22/05/2013,5.816,18,,,
731,23/05/2013,6.182,18,,,
732,24/05/2013,6.472,18,,,
733,28/05/2013,7.3556,18,,,
734,29/05/2013,6.9753,18,,,
735,30/05/2013,6.9967,18,,,
736,31/05/2013,6.5173,18,,,
737,03/06/2013,6.1727,18,,,
738,04/06/2013,6.3227,18,,,
739,05/06/2013,6.358,18,,,
740,06/06/2013,6.49,18,,,
741,07/06/2013,6.8027,18,,,
742,10/06/2013,6.67,18,,,
743,11/06/2013,6.298,18,,,
744,12/06/2013,6.5153,18,,,
745,13/06/2013,6.5453,18,,,
746,14/06/2013,6.6867,18,,,
747,17/06/2013,6.8133,18,,,
748,18/06/2013,6.8927,18,,,
749,19/06/2013,6.9787,18,,,
750,20/06/2013,6.71,18,,,
751,21/06/2013,6.6367,18,,,
752,24/06/2013,6.766,18,,,
753,25/06/2013,6.8267,18,,,
754,26/06/2013,7.048,18,,,
755,27/06/2013,7.2833,18,,,
756,28/06/2013,7.1573,18,,,
757,01/07/2013,7.8119,18,,,
758,02/07/2013,7.8547,18,,,
759,03/07/2013,7.6827,18,,,
760,05/07/2013,8.006,18,,,
761,08/07/2013,8.1073,18,,,
762,09/07/2013,8.23,18,,,
763,10/07/2013,8.1513,18,,,
764,11/07/2013,8.374,18,,,
765,12/07/2013,8.66,18,,,
766,15/07/2013,8.484,18,,,
767,16/07/2013,7.27,18,,,
768,17/07/2013,8.0167,18,,,
769,18/07/2013,7.9353,18,,,
770,19/07/2013,7.9787,18,,,
771,22/07/2013,8.162,18,,,
772,23/07/2013,8.1827,18,,,
773,24/07/2013,8.1133,18,,,
774,25/07/2013,8.2713,18,,,
775,26/07/2013,8.626,18,,,
776,29/07/2013,8.9747,18,,,
777,30/07/2013,8.7827,18,,,
778,31/07/2013,8.952,18,,,
779,01/08/2013,9.0367,18,,,
780,02/08/2013,9.2,18,,,
781,05/08/2013,9.6453,18,,,
782,06/08/2013,9.4767,18,,,
783,07/08/2013,8.9487,18,,,
784,08/08/2013,10.232,18,,,
785,09/08/2013,10.2,18,,,
786,12/08/2013,9.8253,18,,,
787,13/08/2013,9.6953,18,,,
788,14/08/2013,9.2907,18,,,
789,15/08/2013,9.3113,18,,,
790,16/08/2013,9.4667,18,,,
791,19/08/2013,9.66,18,,,
792,20/08/2013,9.972,18,,,
793,21/08/2013,9.8573,18,,,
794,22/08/2013,10.4733,18,,,
795,23/08/2013,10.7893,18,,,
796,26/08/2013,10.948,18,,,
797,27/08/2013,11.134,18,,,
798,28/08/2013,11.0967,18,,,
799,29/08/2013,11.0707,18,,,
800,30/08/2013,11.2667,18,,,
801,03/09/2013,11.2627,18,,,
802,04/09/2013,11.3748,18,,,
803,05/09/2013,11.3287,18,,,
804,06/09/2013,11.1313,18,,,
805,09/09/2013,10.7133,18,,,
806,10/09/2013,11.0913,18,,,
807,11/09/2013,10.9013,18,,,
808,12/09/2013,10.9953,18,,,
809,13/09/2013,11.036,18,,,
810,16/09/2013,11.1053,18,,,
811,17/09/2013,11.082,18,,,
812,18/09/2013,11.0812,18,,,
813,19/09/2013,11.8613,18,,,
814,20/09/2013,12.226,18,,,
815,23/09/2013,12.074,18,,,
816,24/09/2013,12.1553,18,,,
817,25/09/2013,12.3492,18,,,
818,26/09/2013,12.576,18,,,
819,27/09/2013,12.7267,18,,,
820,30/09/2013,12.8913,18,,,
821,01/10/2013,12.8667,18,,,
822,02/10/2013,12.0633,18,,,
823,03/10/2013,11.554,18,,,
824,04/10/2013,12.0653,18,,,
825,07/10/2013,12.2047,18,,,
826,08/10/2013,11.6487,18,,,
827,09/10/2013,11.252,18,,,
828,10/10/2013,11.5287,18,,,
829,11/10/2013,11.9133,18,,,
830,14/10/2013,11.9813,18,,,
831,15/10/2013,12.2627,18,,,
832,16/10/2013,12.2373,18,,,
833,17/10/2013,12.1868,18,,,
834,18/10/2013,12.2267,18,,,
835,21/10/2013,11.5067,18,,,
836,22/10/2013,11.436,18,,,
837,23/10/2013,10.9667,18,,,
838,24/10/2013,11.5433,18,,,
839,25/10/2013,11.3107,18,,,
840,28/10/2013,10.8573,18,,,
841,29/10/2013,10.9647,18,,,
842,30/10/2013,10.6147,18,,,
843,31/10/2013,10.6627,18,,,
844,01/11/2013,10.8113,18,,,
845,04/11/2013,11.68,18,,,
846,05/11/2013,11.7873,18,,,
847,06/11/2013,10.0773,18,,,
848,07/11/2013,9.3181,18,,,
849,08/11/2013,9.1967,18,,,
850,11/11/2013,9.6465,18,,,
851,12/11/2013,9.1867,18,,,
852,13/11/2013,9.2467,18,,,
853,14/11/2013,9.1733,18,,,
854,15/11/2013,9.03,18,,,
855,18/11/2013,8.1053,18,,,
856,19/11/2013,8.406,18,,,
857,20/11/2013,8.074,18,,,
858,21/11/2013,8.14,18,,,
859,22/11/2013,8.092,18,,,
860,25/11/2013,8.056,18,,,
861,26/11/2013,8.0333,18,,,
862,27/11/2013,8.4627,18,,,
863,29/11/2013,8.4853,18,,,
864,02/12/2013,8.278,18,,,
865,03/12/2013,9.6467,18,,,
866,04/12/2013,9.2633,18,,,
867,05/12/2013,9.3653,18,,,
868,06/12/2013,9.1573,18,,,
869,09/12/2013,9.44,18,,,
870,10/12/2013,9.4793,18,,,
871,11/12/2013,9.31,18,,,
872,12/12/2013,9.8313,18,,,
873,13/12/2013,9.8436,18,,,
874,16/12/2013,9.8627,18,,,
875,17/12/2013,10.164,18,,,
876,18/12/2013,9.8653,18,,,
877,19/12/2013,9.3813,18,,,
878,20/12/2013,9.5493,18,,,
879,23/12/2013,9.57,18,,,
880,24/12/2013,10.094,18,,,
881,26/12/2013,10.3667,18,,,
882,27/12/2013,10.0747,18,,,
883,30/12/2013,10.1627,18,,,
884,31/12/2013,10.0286,18,,,
885,02/01/2014,10.0067,18,,,
886,03/01/2014,9.9707,18,,,
887,06/01/2014,9.8,18,,,
888,07/01/2014,9.9573,18,,,
889,08/01/2014,10.0853,18,,,
890,09/01/2014,9.8353,18,,,
891,10/01/2014,9.7147,18,,,
892,13/01/2014,9.2893,18,,,
893,14/01/2014,10.7513,18,,,
894,15/01/2014,10.942,18,,,
895,16/01/2014,11.398,18,,,
896,17/01/2014,11.334,18,,,
897,21/01/2014,11.7787,18,,,
898,22/01/2014,11.904,18,,,
899,23/01/2014,12.1,18,,,
900,24/01/2014,11.64,18,,,
901,27/01/2014,11.308,18,,,
902,28/01/2014,11.892,18,,,
903,29/01/2014,11.682,18,,,
904,30/01/2014,12.1893,18,,,
905,31/01/2014,12.094,18,,,
906,03/02/2014,11.8073,18,,,
907,04/02/2014,11.9153,18,,,
908,05/02/2014,11.628,18,,,
909,06/02/2014,11.892,18,,,
910,07/02/2014,12.4353,18,,,
911,10/02/2014,13.104,18,,,
912,11/02/2014,13.108,18,,,
913,12/02/2014,13.0213,18,,,
914,13/02/2014,13.3087,18,,,
915,14/02/2014,13.2153,18,,,
916,18/02/2014,13.58,18,,,
917,19/02/2014,12.9093,18,,,
918,20/02/2014,13.998,18,,,
919,21/02/2014,13.9733,18,,,
920,24/02/2014,14.51,18,,,
921,25/02/2014,16.5333,18,,,
922,26/02/2014,16.8667,18,,,
923,27/02/2014,16.836,18,,,
924,28/02/2014,16.3207,18,,,
925,03/03/2014,16.704,18,,,
926,04/03/2014,16.9893,18,,,
927,05/03/2014,16.844,18,,,
928,06/03/2014,16.8627,18,,,
929,07/03/2014,16.414,18,,,
930,10/03/2014,15.9227,18,,,
931,11/03/2014,15.6273,18,,,
932,12/03/2014,16.0993,18,,,
933,13/03/2014,15.8527,18,,,
934,14/03/2014,15.398,18,,,
935,17/03/2014,15.5987,18,,,
936,18/03/2014,16.0027,18,,,
937,19/03/2014,15.7227,18,,,
938,20/03/2014,15.6607,18,,,
939,21/03/2014,15.2593,18,,,
940,24/03/2014,14.678,18,,,
941,25/03/2014,14.696,18,,,
942,26/03/2014,14.1973,18,,,
943,27/03/2014,13.8213,18,,,
944,28/03/2014,14.158,18,,,
945,31/03/2014,13.8967,18,,,
946,01/04/2014,14.4647,18,,,
947,02/04/2014,15.3527,18,,,
948,03/04/2014,15.0267,18,,,
949,04/04/2014,14.1483,18,,,
950,07/04/2014,13.8347,18,,,
951,08/04/2014,14.364,18,,,
952,09/04/2014,14.462,18,,,
953,10/04/2014,13.6127,18,,,
954,11/04/2014,13.5853,18,,,
955,14/04/2014,13.206,18,,,
956,15/04/2014,12.9273,18,,,
957,16/04/2014,13.274,18,,,
958,17/04/2014,13.208,18,,,
959,21/04/2014,13.6253,18,,,
960,22/04/2014,14.576,18,,,
961,23/04/2014,13.866,18,,,
962,24/04/2014,13.8573,18,,,
963,25/04/2014,13.3233,18,,,
964,28/04/2014,13.234,18,,,
965,29/04/2014,13.7947,18,,,
966,30/04/2014,13.8593,18,,,
967,01/05/2014,13.8487,18,,,
968,02/05/2014,14.0607,18,,,
969,05/05/2014,14.4407,18,,,
970,06/05/2014,13.8187,18,,,
971,07/05/2014,13.4233,18,,,
972,08/05/2014,11.906,18,,,
973,09/05/2014,12.1507,18,,,
974,12/05/2014,12.3113,18,,,
975,13/05/2014,12.6773,18,,,
976,14/05/2014,12.708,18,,,
977,15/05/2014,12.5727,18,,,
978,16/05/2014,12.7707,18,,,
979,19/05/2014,13.0727,18,,,
980,20/05/2014,13.02,18,,,
981,21/05/2014,13.2967,18,,,
982,22/05/2014,13.6587,18,,,
983,23/05/2014,13.82,18,,,
984,27/05/2014,14.104,18,,,
985,28/05/2014,14.016,18,,,
986,29/05/2014,14.016,18,,,
987,30/05/2014,13.8513,18,,,
988,02/06/2014,13.6467,18,,,
989,03/06/2014,13.6627,18,,,
990,04/06/2014,13.5993,18,,,
991,05/06/2014,13.7933,18,,,
992,06/06/2014,13.8781,18,,,
993,09/06/2014,13.6873,18,,,
994,10/06/2014,13.4867,18,,,
995,11/06/2014,13.6313,18,,,
996,12/06/2014,13.568,18,,,
997,13/06/2014,13.7613,18,,,
998,16/06/2014,14.974,18,,,
999,17/06/2014,15.4447,18,,,
1000,18/06/2014,15.1413,18,,,
1001,19/06/2014,15.186,18,,,
1002,20/06/2014,15.306,18,,,
1003,23/06/2014,15.8147,18,,,
1004,24/06/2014,15.5,18,,,
1005,25/06/2014,15.7927,18,,,
1006,26/06/2014,15.7067,18,,,
1007,27/06/2014,15.9373,18,,,
1008,30/06/2014,16.004,18,,,
1009,01/07/2014,15.9813,18,,,
1010,02/07/2014,15.295,18,,,
1011,03/07/2014,15.2833,18,,,
1012,07/07/2014,14.844,18,,,
1013,08/07/2014,14.6047,18,,,
1014,09/07/2014,14.8707,18,,,
1015,10/07/2014,14.6307,18,,,
1016,11/07/2014,14.542,18,,,
1017,14/07/2014,15.1133,18,,,
1018,15/07/2014,14.6387,18,,,
1019,16/07/2014,14.4773,18,,,
1020,17/07/2014,14.36,18,,,
1021,18/07/2014,14.668,18,,,
1022,21/07/2014,14.7027,18,,,
1023,22/07/2014,14.6387,18,,,
1024,23/07/2014,14.8327,18,,,
1025,24/07/2014,14.9027,18,,,
1026,25/07/2014,14.9047,18,,,
1027,28/07/2014,14.988,18,,,
1028,29/07/2014,15.0007,18,,,
1029,30/07/2014,15.2613,18,,,
1030,31/07/2014,14.8867,18,,,
1031,01/08/2014,15.5513,18,,,
1032,04/08/2014,15.9013,18,,,
1033,05/08/2014,15.8993,18,,,
1034,06/08/2014,16.5953,18,,,
1035,07/08/2014,16.826,18,,,
1036,08/08/2014,16.542,18,,,
1037,11/08/2014,17.288,18,,,
1038,12/08/2014,17.3307,18,,,
1039,13/08/2014,17.354,18,,,
1040,14/08/2014,17.4253,18,,,
1041,15/08/2014,17.4673,18,,,
1042,18/08/2014,17.3293,18,,,
1043,19/08/2014,17.1173,18,,,
1044,20/08/2014,17.0473,18,,,
1045,21/08/2014,16.956,18,,,
1046,22/08/2014,17.1187,18,,,
1047,25/08/2014,17.5033,18,,,
1048,26/08/2014,17.4493,18,,,
1049,27/08/2014,17.55,18,,,
1050,28/08/2014,17.5907,18,,,
1051,29/08/2014,17.98,18,,,
1052,02/09/2014,18.9413,18,,,
1053,03/09/2014,18.746,18,,,
1054,04/09/2014,19.0693,18,,,
1055,05/09/2014,18.4927,18,,,
1056,08/09/2014,18.8073,18,,,
1057,09/09/2014,18.5653,18,,,
1058,10/09/2014,18.74,18,,,
1059,11/09/2014,18.6873,18,,,
1060,12/09/2014,18.6133,18,,,
1061,15/09/2014,16.924,18,,,
1062,16/09/2014,17.3827,18,,,
1063,17/09/2014,17.4253,18,,,
1064,18/09/2014,17.588,18,,,
1065,19/09/2014,17.288,18,,,
1066,22/09/2014,16.6687,18,,,
1067,23/09/2014,16.694,18,,,
1068,24/09/2014,16.8093,18,,,
1069,25/09/2014,16.4633,18,,,
1070,26/09/2014,16.44,18,,,
1071,29/09/2014,16.3507,18,,,
1072,30/09/2014,16.1787,18,,,
1073,01/10/2014,16.016,18,,,
1074,02/10/2014,16.7613,18,,,
1075,03/10/2014,17.014,18,,,
1076,06/10/2014,17.3747,18,,,
1077,07/10/2014,17.3047,18,,,
1078,08/10/2014,17.2853,18,,,
1079,09/10/2014,17.134,18,,,
1080,10/10/2014,15.794,18,,,
1081,13/10/2014,14.9727,18,,,
1082,14/10/2014,15.1373,18,,,
1083,15/10/2014,15.3133,18,,,
1084,16/10/2014,15.09,18,,,
1085,17/10/2014,15.1653,18,,,
1086,20/10/2014,15.3647,18,,,
1087,21/10/2014,15.6893,18,,,
1088,22/10/2014,15.4067,18,,,
1089,23/10/2014,15.686,18,,,
1090,24/10/2014,15.6827,18,,,
1091,27/10/2014,14.778,18,,,
1092,28/10/2014,16.1847,18,,,
1093,29/10/2014,15.8733,18,,,
1094,30/10/2014,15.9107,18,,,
1095,31/10/2014,16.1133,18,,,
1096,03/11/2014,16.1727,18,,,
1097,04/11/2014,15.9287,18,,,
1098,05/11/2014,15.398,18,,,
1099,06/11/2014,16.0813,18,,,
1100,07/11/2014,16.0133,18,,,
1101,10/11/2014,16.1287,18,,,
1102,11/11/2014,16.7387,18,,,
1103,12/11/2014,16.6067,18,,,
1104,13/11/2014,16.78,18,,,
1105,14/11/2014,17.2453,18,,,
1106,17/11/2014,16.932,18,,,
1107,18/11/2014,17.18,18,,,
1108,19/11/2014,16.516,18,,,
1109,20/11/2014,16.5807,18,,,
1110,21/11/2014,16.1853,18,,,
1111,24/11/2014,16.448,18,,,
1112,25/11/2014,16.5393,18,,,
1113,26/11/2014,16.5627,18,,,
1114,28/11/2014,16.3013,18,,,
1115,01/12/2014,15.4427,18,,,
1116,02/12/2014,15.4287,18,,,
1117,03/12/2014,15.2867,18,,,
1118,04/12/2014,15.2187,18,,,
1119,05/12/2014,14.914,18,,,
1120,08/12/2014,14.2907,18,,,
1121,09/12/2014,14.4593,18,,,
1122,10/12/2014,13.9893,18,,,
1123,11/12/2014,13.9253,18,,,
1124,12/12/2014,13.8,18,,,
1125,15/12/2014,13.6027,18,,,
1126,16/12/2014,13.1873,18,,,
1127,17/12/2014,13.7213,18,,,
1128,18/12/2014,14.5507,18,,,
1129,19/12/2014,14.6193,18,,,
1130,22/12/2014,14.84,18,,,
1131,23/12/2014,14.7313,18,,,
1132,24/12/2014,14.8173,18,,,
1133,26/12/2014,15.188,18,,,
1134,29/12/2014,15.0473,18,,,
1135,30/12/2014,14.8153,18,,,
1136,31/12/2014,14.8273,18,,,
1137,02/01/2015,14.6207,18,,,
1138,05/01/2015,14.006,18,,,
1139,06/01/2015,14.0853,18,,,
1140,07/01/2015,14.0633,18,,,
1141,08/01/2015,14.041,18,,,
1142,09/01/2015,13.7773,18,,,
1143,12/01/2015,13.4807,18,,,
1144,13/01/2015,13.6167,18,,,
1145,14/01/2015,12.846,18,,,
1146,15/01/2015,12.7913,18,,,
1147,16/01/2015,12.8713,18,,,
1148,20/01/2015,12.7953,18,,,
1149,21/01/2015,13.1047,18,,,
1150,22/01/2015,13.4413,18,,,
1151,23/01/2015,13.4193,18,,,
1152,26/01/2015,13.77,18,,,
1153,27/01/2015,13.732,18,,,
1154,28/01/2015,13.2913,18,,,
1155,29/01/2015,13.68,18,,,
1156,30/01/2015,13.5733,18,,,
1157,02/02/2015,14.0627,18,,,
1158,03/02/2015,14.5573,18,,,
1159,04/02/2015,14.57,18,,,
1160,05/02/2015,14.7327,18,,,
1161,06/02/2015,14.4907,18,,,
1162,09/02/2015,14.4987,18,,,
1163,10/02/2015,14.4193,18,,,
1164,11/02/2015,14.1867,18,,,
1165,12/02/2015,13.5253,18,,,
1166,13/02/2015,13.5847,18,,,
1167,17/02/2015,13.6233,18,,,
1168,18/02/2015,13.6307,18,,,
1169,19/02/2015,14.1137,18,,,
1170,20/02/2015,14.474,18,,,
1171,23/02/2015,13.8223,18,,,
1172,24/02/2015,13.6073,18,,,
1173,25/02/2015,13.584,18,,,
1174,26/02/2015,13.8127,18,,,
1175,27/02/2015,13.556,18,,,
1176,02/03/2015,13.155,18,,,
1177,03/03/2015,13.304,18,,,
1178,04/03/2015,13.4957,18,,,
1179,05/03/2015,13.3753,18,,,
1180,06/03/2015,12.9253,18,,,
1181,09/03/2015,12.7253,18,,,
1182,10/03/2015,12.688,18,,,
1183,11/03/2015,12.916,18,,,
1184,12/03/2015,12.738,18,,,
1185,13/03/2015,12.5787,18,,,
1186,16/03/2015,13.0467,18,,,
1187,17/03/2015,12.982,18,,,
1188,18/03/2015,13.3807,18,,,
1189,19/03/2015,13.0433,18,,,
1190,20/03/2015,13.2053,18,,,
1191,23/03/2015,13.3087,18,,,
1192,24/03/2015,13.448,18,,,
1193,25/03/2015,12.9533,18,,,
1194,26/03/2015,12.6937,18,,,
1195,27/03/2015,12.3333,18,,,
1196,30/03/2015,12.7047,18,,,
1197,31/03/2015,12.5847,18,,,
1198,01/04/2015,12.506,18,,,
1199,02/04/2015,12.7333,18,,,
1200,06/04/2015,13.54,18,,,
1201,07/04/2015,13.55,18,,,
1202,08/04/2015,13.8447,18,,,
1203,09/04/2015,14.006,18,,,
1204,10/04/2015,14.06,18,,,
1205,13/04/2015,13.9853,18,,,
1206,14/04/2015,13.8307,18,,,
1207,15/04/2015,13.8553,18,,,
1208,16/04/2015,13.78,18,,,
1209,17/04/2015,13.786,18,,,
1210,20/04/2015,13.6847,18,,,
1211,21/04/2015,13.9607,18,,,
1212,22/04/2015,14.6293,18,,,
1213,23/04/2015,14.5733,18,,,
1214,24/04/2015,14.5617,18,,,
1215,27/04/2015,15.4367,18,,,
1216,28/04/2015,15.3653,18,,,
1217,29/04/2015,15.4967,18,,,
1218,30/04/2015,15.07,18,,,
1219,01/05/2015,15.0687,18,,,
1220,04/05/2015,15.3673,18,,,
1221,05/05/2015,15.53,18,,,
1222,06/05/2015,15.362,18,,,
1223,07/05/2015,15.7867,18,,,
1224,08/05/2015,15.774,18,,,
1225,11/05/2015,15.966,18,,,
1226,12/05/2015,16.316,18,,,
1227,13/05/2015,16.212,18,,,
1228,14/05/2015,16.2733,18,,,
1229,15/05/2015,16.5893,18,,,
1230,18/05/2015,16.5833,18,,,
1231,19/05/2015,16.476,18,,,
1232,20/05/2015,16.29,18,,,
1233,21/05/2015,16.3747,18,,,
1234,22/05/2015,16.5153,18,,,
1235,26/05/2015,16.497,18,,,
1236,27/05/2015,16.4953,18,,,
1237,28/05/2015,16.7633,18,,,
1238,29/05/2015,16.72,18,,,
1239,01/06/2015,16.63,18,,,
1240,02/06/2015,16.5567,18,,,
1241,03/06/2015,16.5993,18,,,
1242,04/06/2015,16.3947,18,,,
1243,05/06/2015,16.6093,18,,,
1244,08/06/2015,17.086,18,,,
1245,09/06/2015,17.0667,18,,,
1246,10/06/2015,16.7133,18,,,
1247,11/06/2015,16.7607,18,,,
1248,12/06/2015,16.7127,18,,,
1249,15/06/2015,16.692,18,,,
1250,16/06/2015,16.8747,18,,,
1251,17/06/2015,17.3607,18,,,
1252,18/06/2015,17.4593,18,,,
1253,19/06/2015,17.5007,18,,,
1254,22/06/2015,17.3193,18,,,
1255,23/06/2015,17.8447,18,,,
1256,24/06/2015,17.678,18,,,
1257,25/06/2015,17.9193,18,,,
1258,26/06/2015,17.806,18,,,
1259,29/06/2015,17.468,18,,,
1260,30/06/2015,17.884,18,,,
1261,01/07/2015,17.9433,18,,,
1262,02/07/2015,18.668,18,,,
1263,06/07/2015,18.648,18,,,
1264,07/07/2015,17.8587,18,,,
1265,08/07/2015,16.9973,18,,,
1266,09/07/2015,17.1947,18,,,
1267,10/07/2015,17.2767,18,,,
1268,13/07/2015,17.4773,18,,,
1269,14/07/2015,17.71,18,,,
1270,15/07/2015,17.5427,18,,,
1271,16/07/2015,17.7787,18,,,
1272,17/07/2015,18.3107,18,,,
1273,20/07/2015,18.8173,18,,,
1274,21/07/2015,17.7847,18,,,
1275,22/07/2015,17.858,18,,,
1276,23/07/2015,17.8133,18,,,
1277,24/07/2015,17.694,18,,,
1278,27/07/2015,16.8673,18,,,
1279,28/07/2015,17.6547,18,,,
1280,29/07/2015,17.588,18,,,
1281,30/07/2015,17.786,18,,,
1282,31/07/2015,17.7433,18,,,
1283,03/08/2015,17.3327,18,,,
1284,04/08/2015,17.752,18,,,
1285,05/08/2015,18.0087,18,,,
1286,06/08/2015,16.4087,18,,,
1287,07/08/2015,16.1673,18,,,
1288,10/08/2015,16.076,18,,,
1289,11/08/2015,15.8247,18,,,
1290,12/08/2015,15.878,18,,,
1291,13/08/2015,16.1673,18,,,
1292,14/08/2015,16.21,18,,,
1293,17/08/2015,16.9993,18,,,
1294,18/08/2015,17.3813,18,,,
1295,19/08/2015,17.0167,18,,,
1296,20/08/2015,16.1453,18,,,
1297,21/08/2015,15.3847,18,,,
1298,24/08/2015,14.5913,18,,,
1299,25/08/2015,14.6687,18,,,
1300,26/08/2015,14.9893,18,,,
1301,27/08/2015,16.1993,18,,,
1302,28/08/2015,16.5653,18,,,
1303,31/08/2015,16.604,18,,,
1304,01/09/2015,15.9087,18,,,
1305,02/09/2015,16.5127,18,,,
1306,03/09/2015,16.3713,18,,,
1307,04/09/2015,16.1287,18,,,
1308,08/09/2015,16.5447,18,,,
1309,09/09/2015,16.594,18,,,
1310,10/09/2015,16.5653,18,,,
1311,11/09/2015,16.6827,18,,,
1312,14/09/2015,16.8793,18,,,
1313,15/09/2015,16.9047,18,,,
1314,16/09/2015,17.4833,18,,,
1315,17/09/2015,17.4713,18,,,
1316,18/09/2015,17.3747,18,,,
1317,21/09/2015,17.6133,18,,,
1318,22/09/2015,17.396,18,,,
1319,23/09/2015,17.404,18,,,
1320,24/09/2015,17.5413,18,,,
1321,25/09/2015,17.1273,18,,,
1322,28/09/2015,16.562,18,,,
1323,29/09/2015,16.4433,18,,,
1324,30/09/2015,16.56,18,,,
1325,01/10/2015,15.992,18,,,
1326,02/10/2015,16.5047,18,,,
1327,05/10/2015,16.41,18,,,
1328,06/10/2015,16.0973,18,,,
1329,07/10/2015,15.464,18,,,
1330,08/10/2015,15.1147,18,,,
1331,09/10/2015,14.7127,18,,,
1332,12/10/2015,14.372,18,,,
1333,13/10/2015,14.6167,18,,,
1334,14/10/2015,14.4587,18,,,
1335,15/10/2015,14.754,18,,,
1336,16/10/2015,15.134,18,,,
1337,19/10/2015,15.2067,18,,,
1338,20/10/2015,14.202,18,,,
1339,21/10/2015,14.006,18,,,
1340,22/10/2015,14.1147,18,,,
1341,23/10/2015,13.9393,18,,,
1342,26/10/2015,14.3507,18,,,
1343,27/10/2015,14.0233,18,,,
1344,28/10/2015,14.1973,18,,,
1345,29/10/2015,14.1087,18,,,
1346,30/10/2015,13.7953,18,,,
1347,02/11/2015,14.2527,18,,,
1348,03/11/2015,13.89,18,,,
1349,04/11/2015,15.442,18,,,
1350,05/11/2015,15.4513,18,,,
1351,06/11/2015,15.4907,18,,,
1352,09/11/2015,15.022,18,,,
1353,10/11/2015,14.4333,18,,,
1354,11/11/2015,14.6053,18,,,
1355,12/11/2015,14.196,18,,,
1356,13/11/2015,13.8127,18,,,
1357,16/11/2015,14.2873,18,,,
1358,17/11/2015,14.2667,18,,,
1359,18/11/2015,14.738,18,,,
1360,19/11/2015,14.7867,18,,,
1361,20/11/2015,14.6673,18,,,
1362,23/11/2015,14.5167,18,,,
1363,24/11/2015,14.55,18,,,
1364,25/11/2015,15.3093,18,,,
1365,27/11/2015,15.4407,18,,,
1366,30/11/2015,15.3507,18,,,
1367,01/12/2015,15.8127,18,,,
1368,02/12/2015,15.466,18,,,
1369,03/12/2015,15.514,18,,,
1370,04/12/2015,15.3587,18,,,
1371,07/12/2015,15.4087,18,,,
1372,08/12/2015,15.1147,18,,,
1373,09/12/2015,14.968,18,,,
1374,10/12/2015,15.138,18,,,
1375,11/12/2015,14.468,18,,,
1376,14/12/2015,14.572,18,,,
1377,15/12/2015,14.7393,18,,,
1378,16/12/2015,15.634,18,,,
1379,17/12/2015,15.5593,18,,,
1380,18/12/2015,15.364,18,,,
1381,21/12/2015,15.504,18,,,
1382,22/12/2015,15.33,18,,,
1383,23/12/2015,15.3133,18,,,
1384,24/12/2015,15.3713,18,,,
1385,28/12/2015,15.2633,18,,,
1386,29/12/2015,15.8127,18,,,
1387,30/12/2015,15.8727,18,,,
1388,31/12/2015,16.0007,18,,,
1389,04/01/2016,14.894,18,,,
1390,05/01/2016,14.8953,18,,,
1391,06/01/2016,14.6027,18,,,
1392,07/01/2016,14.3767,18,,,
1393,08/01/2016,14.0667,18,,,
1394,11/01/2016,13.8567,18,,,
1395,12/01/2016,13.998,18,,,
1396,13/01/2016,13.354,18,,,
1397,14/01/2016,13.7453,18,,,
1398,15/01/2016,13.666,18,,,
1399,19/01/2016,13.648,18,,,
1400,20/01/2016,13.2467,18,,,
1401,21/01/2016,13.3313,18,,,
1402,22/01/2016,13.5033,18,,,
1403,25/01/2016,13.092,18,,,
1404,26/01/2016,12.904,18,,,
1405,27/01/2016,12.538,18,,,
1406,28/01/2016,12.6467,18,,,
1407,29/01/2016,12.7467,18,,,
1408,01/02/2016,13.1293,18,,,
1409,02/02/2016,12.1853,18,,,
1410,03/02/2016,11.5653,18,,,
1411,04/02/2016,11.6887,18,,,
1412,05/02/2016,10.84,18,,,
1413,08/02/2016,9.866,18,,,
1414,09/02/2016,9.8833,18,,,
1415,10/02/2016,9.578,18,,,
1416,11/02/2016,10.0313,18,,,
1417,12/02/2016,10.0693,18,,,
1418,16/02/2016,10.3447,18,,,
1419,17/02/2016,11.2453,18,,,
1420,18/02/2016,11.118,18,,,
1421,19/02/2016,11.1053,18,,,
1422,22/02/2016,11.8493,18,,,
1423,23/02/2016,11.814,18,,,
1424,24/02/2016,11.9333,18,,,
1425,25/02/2016,12.4953,18,,,
1426,26/02/2016,12.6893,18,,,
1427,29/02/2016,12.7953,18,,,
1428,01/03/2016,12.4233,18,,,
1429,02/03/2016,12.556,18,,,
1430,03/03/2016,13.0493,18,,,
1431,04/03/2016,13.4027,18,,,
1432,07/03/2016,13.686,18,,,
1433,08/03/2016,13.5067,18,,,
1434,09/03/2016,13.9147,18,,,
1435,10/03/2016,13.6787,18,,,
1436,11/03/2016,13.8333,18,,,
1437,14/03/2016,14.3433,18,,,
1438,15/03/2016,14.556,18,,,
1439,16/03/2016,14.7953,18,,,
1440,17/03/2016,15.092,18,,,
1441,18/03/2016,15.516,18,,,
1442,21/03/2016,15.888,18,,,
1443,22/03/2016,15.616,18,,,
1444,23/03/2016,14.8387,18,,,
1445,24/03/2016,15.1833,18,,,
1446,28/03/2016,15.3507,18,,,
1447,29/03/2016,15.342,18,,,
1448,30/03/2016,15.126,18,,,
1449,31/03/2016,15.318,18,,,
1450,01/04/2016,15.8393,18,,,
1451,04/04/2016,16.466,18,,,
1452,05/04/2016,17.0313,18,,,
1453,06/04/2016,17.6947,18,,,
1454,07/04/2016,17.1467,18,,,
1455,08/04/2016,16.6713,18,,,
1456,11/04/2016,16.6613,18,,,
1457,12/04/2016,16.5213,18,,,
1458,13/04/2016,16.9687,18,,,
1459,14/04/2016,16.7907,18,,,
1460,15/04/2016,16.9673,18,,,
1461,18/04/2016,16.9253,18,,,
1462,19/04/2016,16.4913,18,,,
1463,20/04/2016,16.6647,18,,,
1464,21/04/2016,16.5527,18,,,
1465,22/04/2016,16.9167,18,,,
1466,25/04/2016,16.788,18,,,
1467,26/04/2016,16.916,18,,,
1468,27/04/2016,16.7647,18,,,
1469,28/04/2016,16.514,18,,,
1470,29/04/2016,16.0507,18,,,
1471,02/05/2016,16.12,18,,,
1472,03/05/2016,15.488,18,,,
1473,04/05/2016,14.8373,18,,,
1474,05/05/2016,14.102,18,,,
1475,06/05/2016,14.3287,18,,,
1476,09/05/2016,13.928,18,,,
1477,10/05/2016,13.9127,18,,,
1478,11/05/2016,13.9307,18,,,
1479,12/05/2016,13.8187,18,,,
1480,13/05/2016,13.8407,18,,,
1481,16/05/2016,13.886,18,,,
1482,17/05/2016,13.644,18,,,
1483,18/05/2016,14.078,18,,,
1484,19/05/2016,14.3473,18,,,
1485,20/05/2016,14.6853,18,,,
1486,23/05/2016,14.4147,18,,,
1487,24/05/2016,14.5273,18,,,
1488,25/05/2016,14.6387,18,,,
1489,26/05/2016,15.008,18,,,
1490,27/05/2016,14.8693,18,,,
1491,31/05/2016,14.882,18,,,
1492,01/06/2016,14.6373,18,,,
1493,02/06/2016,14.5973,18,,,
1494,03/06/2016,14.5993,18,,,
1495,06/06/2016,14.712,18,,,
1496,07/06/2016,15.4893,18,,,
1497,08/06/2016,15.7013,18,,,
1498,09/06/2016,15.2907,18,,,
1499,10/06/2016,14.586,18,,,
1500,13/06/2016,14.5247,18,,,
1501,14/06/2016,14.3307,18,,,
1502,15/06/2016,14.5133,18,,,
1503,16/06/2016,14.5287,18,,,
1504,17/06/2016,14.3647,18,,,
1505,20/06/2016,14.6467,18,,,
1506,21/06/2016,14.6407,18,,,
1507,22/06/2016,13.1107,18,,,
1508,23/06/2016,13.0933,18,,,
1509,24/06/2016,12.8767,18,,,
1510,27/06/2016,13.2367,18,,,
1511,28/06/2016,13.4527,18,,,
1512,29/06/2016,14.0127,18,,,
1513,30/06/2016,14.152,18,,,
1514,01/07/2016,14.4333,18,,,
1515,05/07/2016,14.2653,18,,,
1516,06/07/2016,14.296,18,,,
1517,07/07/2016,14.396,18,,,
1518,08/07/2016,14.452,18,,,
1519,11/07/2016,14.9853,18,,,
1520,12/07/2016,14.9767,18,,,
1521,13/07/2016,14.8353,18,,,
1522,14/07/2016,14.7687,18,,,
1523,15/07/2016,14.6933,18,,,
1524,18/07/2016,15.0833,18,,,
1525,19/07/2016,15.0173,18,,,
1526,20/07/2016,15.224,18,,,
1527,21/07/2016,14.7,18,,,
1528,22/07/2016,14.818,18,,,
1529,25/07/2016,15.334,18,,,
1530,26/07/2016,15.3007,18,,,
1531,27/07/2016,15.2327,18,,,
1532,28/07/2016,15.374,18,,,
1533,29/07/2016,15.6527,18,,,
1534,01/08/2016,15.334,18,,,
1535,02/08/2016,15.1467,18,,,
1536,03/08/2016,15.0527,18,,,
1537,04/08/2016,15.374,18,,,
1538,05/08/2016,15.3353,18,,,
1539,08/08/2016,15.0773,18,,,
1540,09/08/2016,15.272,18,,,
1541,10/08/2016,15.0433,18,,,
1542,11/08/2016,14.994,18,,,
1543,12/08/2016,15.0407,18,,,
1544,15/08/2016,15.0393,18,,,
1545,16/08/2016,14.9073,18,,,
1546,17/08/2016,14.8827,18,,,
1547,18/08/2016,14.9007,18,,,
1548,19/08/2016,15,18,,,
1549,22/08/2016,14.862,18,,,
1550,23/08/2016,14.9893,18,,,
1551,24/08/2016,14.8413,18,,,
1552,25/08/2016,14.7307,18,,,
1553,26/08/2016,14.666,18,,,
1554,29/08/2016,14.3467,18,,,
1555,30/08/2016,14.0893,18,,,
1556,31/08/2016,14.134,18,,,
1557,01/09/2016,13.3847,18,,,
1558,02/09/2016,13.1853,18,,,
1559,06/09/2016,13.522,18,,,
1560,07/09/2016,13.4473,18,,,
1561,08/09/2016,13.1573,18,,,
1562,09/09/2016,12.9647,18,,,
1563,12/09/2016,13.22,18,,,
1564,13/09/2016,13.07,18,,,
1565,14/09/2016,13.094,18,,,
1566,15/09/2016,13.3613,18,,,
1567,16/09/2016,13.6933,18,,,
1568,19/09/2016,13.756,18,,,
1569,20/09/2016,13.6427,18,,,
1570,21/09/2016,13.6813,18,,,
1571,22/09/2016,13.762,18,,,
1572,23/09/2016,13.83,18,,,
1573,26/09/2016,13.9327,18,,,
1574,27/09/2016,13.7207,18,,,
1575,28/09/2016,13.7513,18,,,
1576,29/09/2016,13.38,18,,,
1577,30/09/2016,13.602,18,,,
1578,03/10/2016,14.2467,18,,,
1579,04/10/2016,14.094,18,,,
1580,05/10/2016,13.8973,18,,,
1581,06/10/2016,13.4,18,,,
1582,07/10/2016,13.1073,18,,,
1583,10/10/2016,13.3967,18,,,
1584,11/10/2016,13.34,18,,,
1585,12/10/2016,13.434,18,,,
1586,13/10/2016,13.3493,18,,,
1587,14/10/2016,13.1007,18,,,
1588,17/10/2016,12.9307,18,,,
1589,18/10/2016,13.2733,18,,,
1590,19/10/2016,13.5707,18,,,
1591,20/10/2016,13.2733,18,,,
1592,21/10/2016,13.3393,18,,,
1593,24/10/2016,13.5173,18,,,
1594,25/10/2016,13.4893,18,,,
1595,26/10/2016,13.4827,18,,,
1596,27/10/2016,13.6007,18,,,
1597,28/10/2016,13.3313,18,,,
1598,31/10/2016,13.182,18,,,
1599,01/11/2016,12.7193,18,,,
1600,02/11/2016,12.5347,18,,,
1601,03/11/2016,12.4947,18,,,
1602,04/11/2016,12.704,18,,,
1603,07/11/2016,12.8807,18,,,
1604,08/11/2016,12.996,18,,,
1605,09/11/2016,12.6707,18,,,
1606,10/11/2016,12.3567,18,,,
1607,11/11/2016,12.5707,18,,,
1608,14/11/2016,12.0967,18,,,
1609,15/11/2016,12.2513,18,,,
1610,16/11/2016,12.262,18,,,
1611,17/11/2016,12.5773,18,,,
1612,18/11/2016,12.3347,18,,,
1613,21/11/2016,12.3013,18,,,
1614,22/11/2016,12.7447,18,,,
1615,23/11/2016,12.876,18,,,
1616,25/11/2016,13.11,18,,,
1617,28/11/2016,13.0747,18,,,
1618,29/11/2016,12.638,18,,,
1619,30/11/2016,12.6267,18,,,
1620,01/12/2016,12.1253,18,,,
1621,02/12/2016,12.098,18,,,
1622,05/12/2016,12.4533,18,,,
1623,06/12/2016,12.39,18,,,
1624,07/12/2016,12.8767,18,,,
1625,08/12/2016,12.8193,18,,,
1626,09/12/2016,12.812,18,,,
1627,12/12/2016,12.8287,18,,,
1628,13/12/2016,13.21,18,,,
1629,14/12/2016,13.246,18,,,
1630,15/12/2016,13.172,18,,,
1631,16/12/2016,13.4993,18,,,
1632,19/12/2016,13.5153,18,,,
1633,20/12/2016,13.9193,18,,,
1634,21/12/2016,13.8467,18,,,
1635,22/12/2016,13.8967,18,,,
1636,23/12/2016,14.2227,18,,,
1637,27/12/2016,14.6353,18,,,
1638,28/12/2016,14.6493,18,,,
1639,29/12/2016,14.312,18,,,
1640,30/12/2016,14.246,18,,,
1641,03/01/2017,14.466,18,,,
1642,04/01/2017,15.1327,18,,,
1643,05/01/2017,15.1167,18,,,
1644,06/01/2017,15.2673,18,,,
1645,09/01/2017,15.4187,18,,,
1646,10/01/2017,15.3247,18,,,
1647,11/01/2017,15.3153,18,,,
1648,12/01/2017,15.306,18,,,
1649,13/01/2017,15.85,18,,,
1650,17/01/2017,15.7053,18,,,
1651,18/01/2017,15.8907,18,,,
1652,19/01/2017,16.2507,18,,,
1653,20/01/2017,16.3153,18,,,
1654,23/01/2017,16.5947,18,,,
1655,24/01/2017,16.974,18,,,
1656,25/01/2017,16.9647,18,,,
1657,26/01/2017,16.834,18,,,
1658,27/01/2017,16.8633,18,,,
1659,30/01/2017,16.7087,18,,,
1660,31/01/2017,16.7953,18,,,
1661,01/02/2017,16.616,18,,,
1662,02/02/2017,16.77,18,,,
1663,03/02/2017,16.7553,18,,,
1664,06/02/2017,17.1847,18,,,
1665,07/02/2017,17.1653,18,,,
1666,08/02/2017,17.472,18,,,
1667,09/02/2017,17.9467,18,,,
1668,10/02/2017,17.9487,18,,,
1669,13/02/2017,18.7067,18,,,
1670,14/02/2017,18.732,18,,,
1671,15/02/2017,18.6507,18,,,
1672,16/02/2017,17.93,18,,,
1673,17/02/2017,18.1487,18,,,
1674,21/02/2017,18.4927,18,,,
1675,22/02/2017,18.234,18,,,
1676,23/02/2017,17.066,18,,,
1677,24/02/2017,17.1333,18,,,
1678,27/02/2017,16.4153,18,,,
1679,28/02/2017,16.666,18,,,
1680,01/03/2017,16.668,18,,,
1681,02/03/2017,16.6987,18,,,
1682,03/03/2017,16.7713,18,,,
1683,06/03/2017,16.7473,18,,,
1684,07/03/2017,16.5727,18,,,
1685,08/03/2017,16.458,18,,,
1686,09/03/2017,16.3267,18,,,
1687,10/03/2017,16.246,18,,,
1688,13/03/2017,16.4113,18,,,
1689,14/03/2017,17.2,18,,,
1690,15/03/2017,17.0487,18,,,
1691,16/03/2017,17.47,18,,,
1692,17/03/2017,17.4333,18,,,
1693,20/03/2017,17.4613,18,,,
1694,21/03/2017,16.712,18,,,
1695,22/03/2017,17.0007,18,,,
1696,23/03/2017,16.9853,18,,,
1697,24/03/2017,17.544,18,,,
1698,27/03/2017,18.0147,18,,,
1699,28/03/2017,18.4967,18,,,
1700,29/03/2017,18.492,18,,,
1701,30/03/2017,18.528,18,,,
1702,31/03/2017,18.5533,18,,,
1703,03/04/2017,19.9013,18,,,
1704,04/04/2017,20.2467,18,,,
1705,05/04/2017,19.6667,18,,,
1706,06/04/2017,19.9133,18,,,
1707,07/04/2017,20.1693,18,,,
1708,10/04/2017,20.826,18,,,
1709,11/04/2017,20.5807,18,,,
1710,12/04/2017,19.7893,18,,,
1711,13/04/2017,20.2667,18,,,
1712,17/04/2017,20.096,18,,,
1713,18/04/2017,20.0167,18,,,
1714,19/04/2017,20.368,18,,,
1715,20/04/2017,20.1673,18,,,
1716,21/04/2017,20.3733,18,,,
1717,24/04/2017,20.5353,18,,,
1718,25/04/2017,20.9193,18,,,
1719,26/04/2017,20.678,18,,,
1720,27/04/2017,20.5753,18,,,
1721,28/04/2017,20.938,18,,,
1722,01/05/2017,21.522,18,,,
1723,02/05/2017,21.2593,18,,,
1724,03/05/2017,20.7347,18,,,
1725,04/05/2017,19.6973,18,,,
1726,05/05/2017,20.5567,18,,,
1727,08/05/2017,20.4793,18,,,
1728,09/05/2017,21.4173,18,,,
1729,10/05/2017,21.6813,18,,,
1730,11/05/2017,21.54,18,,,
1731,12/05/2017,21.654,18,,,
1732,15/05/2017,21.0587,18,,,
1733,16/05/2017,21.134,18,,,
1734,17/05/2017,20.4073,18,,,
1735,18/05/2017,20.8707,18,,,
1736,19/05/2017,20.722,18,,,
1737,22/05/2017,20.69,18,,,
1738,23/05/2017,20.2573,18,,,
1739,24/05/2017,20.6813,18,,,
1740,25/05/2017,21.122,18,,,
1741,26/05/2017,21.676,18,,,
1742,30/05/2017,22.34,18,,,
1743,31/05/2017,22.734,18,,,
1744,01/06/2017,22.6913,18,,,
1745,02/06/2017,22.6567,18,,,
1746,05/06/2017,23.1547,18,,,
1747,06/06/2017,23.5233,18,,,
1748,07/06/2017,23.9767,18,,,
1749,08/06/2017,24.6667,18,,,
1750,09/06/2017,23.8213,18,,,
1751,12/06/2017,23.934,18,,,
1752,13/06/2017,25.0633,18,,,
1753,14/06/2017,25.3773,18,,,
1754,15/06/2017,25.0227,18,,,
1755,16/06/2017,24.76,18,,,
1756,19/06/2017,24.6533,18,,,
1757,20/06/2017,24.816,18,,,
1758,21/06/2017,25.0933,18,,,
1759,22/06/2017,25.5073,18,,,
1760,23/06/2017,25.5633,18,,,
1761,26/06/2017,25.166,18,,,
1762,27/06/2017,24.158,18,,,
1763,28/06/2017,24.7493,18,,,
1764,29/06/2017,24.05,18,,,
1765,30/06/2017,24.1073,18,,,
1766,03/07/2017,23.508,18,,,
1767,05/07/2017,21.806,18,,,
1768,06/07/2017,20.5887,18,,,
1769,07/07/2017,20.8813,18,,,
1770,10/07/2017,21.07,18,,,
1771,11/07/2017,21.8147,18,,,
1772,12/07/2017,21.968,18,,,
1773,13/07/2017,21.5607,18,,,
1774,14/07/2017,21.852,18,,,
1775,17/07/2017,21.3047,18,,,
1776,18/07/2017,21.8827,18,,,
1777,19/07/2017,21.684,18,,,
1778,20/07/2017,21.9947,18,,,
1779,21/07/2017,21.8933,18,,,
1780,24/07/2017,22.8347,18,,,
1781,25/07/2017,22.64,18,,,
1782,26/07/2017,22.9233,18,,,
1783,27/07/2017,22.2973,18,,,
1784,28/07/2017,22.338,18,,,
1785,31/07/2017,21.5647,18,,,
1786,01/08/2017,21.3047,18,,,
1787,02/08/2017,21.726,18,,,
1788,03/08/2017,23.1393,18,,,
1789,04/08/2017,23.794,18,,,
1790,07/08/2017,23.678,18,,,
1791,08/08/2017,24.348,18,,,
1792,09/08/2017,24.2353,18,,,
1793,10/08/2017,23.6933,18,,,
1794,11/08/2017,23.858,18,,,
1795,14/08/2017,24.2533,18,,,
1796,15/08/2017,24.1553,18,,,
1797,16/08/2017,24.194,18,,,
1798,17/08/2017,23.4613,18,,,
1799,18/08/2017,23.164,18,,,
1800,21/08/2017,22.524,18,,,
1801,22/08/2017,22.7567,18,,,
1802,23/08/2017,23.518,18,,,
1803,24/08/2017,23.5287,18,,,
1804,25/08/2017,23.2033,18,,,
1805,28/08/2017,23.044,18,,,
1806,29/08/2017,23.1573,18,,,
1807,30/08/2017,23.5453,18,,,
1808,31/08/2017,23.7267,18,,,
1809,01/09/2017,23.6933,18,,,
1810,05/09/2017,23.306,18,,,
1811,06/09/2017,22.9687,18,,,
1812,07/09/2017,23.374,18,,,
1813,08/09/2017,22.8933,18,,,
1814,11/09/2017,24.246,18,,,
1815,12/09/2017,24.1833,18,,,
1816,13/09/2017,24.4153,18,,,
1817,14/09/2017,25.176,18,,,
1818,15/09/2017,25.3207,18,,,
1819,18/09/2017,25.6667,18,,,
1820,19/09/2017,25.0067,18,,,
1821,20/09/2017,24.9273,18,,,
1822,21/09/2017,24.432,18,,,
1823,22/09/2017,23.406,18,,,
1824,25/09/2017,22.9993,18,,,
1825,26/09/2017,23.0167,18,,,
1826,27/09/2017,22.7313,18,,,
1827,28/09/2017,22.64,18,,,
1828,29/09/2017,22.74,18,,,
1829,02/10/2017,22.7687,18,,,
1830,03/10/2017,23.2093,18,,,
1831,04/10/2017,23.6673,18,,,
1832,05/10/2017,23.6887,18,,,
1833,06/10/2017,23.792,18,,,
1834,09/10/2017,22.8627,18,,,
1835,10/10/2017,23.706,18,,,
1836,11/10/2017,23.64,18,,,
1837,12/10/2017,23.712,18,,,
1838,13/10/2017,23.7047,18,,,
1839,16/10/2017,23.3733,18,,,
1840,17/10/2017,23.7167,18,,,
1841,18/10/2017,23.9767,18,,,
1842,19/10/2017,23.454,18,,,
1843,20/10/2017,23.0067,18,,,
1844,23/10/2017,22.468,18,,,
1845,24/10/2017,22.4893,18,,,
1846,25/10/2017,21.7227,18,,,
1847,26/10/2017,21.7447,18,,,
1848,27/10/2017,21.3913,18,,,
1849,30/10/2017,21.3387,18,,,
1850,31/10/2017,22.102,18,,,
1851,01/11/2017,21.4053,18,,,
1852,02/11/2017,19.9507,18,,,
1853,03/11/2017,20.406,18,,,
1854,06/11/2017,20.1853,18,,,
1855,07/11/2017,20.4033,18,,,
1856,08/11/2017,20.2927,18,,,
1857,09/11/2017,20.1993,18,,,
1858,10/11/2017,20.1993,18,,,
1859,13/11/2017,21.0267,18,,,
1860,14/11/2017,20.58,18,,,
1861,15/11/2017,20.7533,18,,,
1862,16/11/2017,20.8333,18,,,
1863,17/11/2017,21.0033,18,,,
1864,20/11/2017,20.5827,18,,,
1865,21/11/2017,21.1873,18,,,
1866,22/11/2017,20.84,18,,,
1867,24/11/2017,21.0367,18,,,
1868,27/11/2017,21.1207,18,,,
1869,28/11/2017,21.17,18,,,
1870,29/11/2017,20.5027,18,,,
1871,30/11/2017,20.59,18,,,
1872,01/12/2017,20.4353,18,,,
1873,04/12/2017,20.3467,18,,,
1874,05/12/2017,20.2467,18,,,
1875,06/12/2017,20.884,18,,,
1876,07/12/2017,20.7493,18,,,
1877,08/12/2017,21.0087,18,,,
1878,11/12/2017,21.9273,18,,,
1879,12/12/2017,22.7353,18,,,
1880,13/12/2017,22.602,18,,,
1881,14/12/2017,22.526,18,,,
1882,15/12/2017,22.8967,18,,,
1883,18/12/2017,22.5913,18,,,
1884,19/12/2017,22.0733,18,,,
1885,20/12/2017,21.932,18,,,
1886,21/12/2017,22.1107,18,,,
1887,22/12/2017,21.68,18,,,
1888,26/12/2017,21.1527,18,,,
1889,27/12/2017,20.776,18,,,
1890,28/12/2017,21.024,18,,,
1891,29/12/2017,20.7567,18,,,
1892,02/01/2018,21.3687,18,,,
1893,03/01/2018,21.15,18,,,
1894,04/01/2018,20.9747,18,,,
1895,05/01/2018,21.1053,18,,,
1896,08/01/2018,22.4273,18,,,
1897,09/01/2018,22.246,18,,,
1898,10/01/2018,22.32,18,,,
1899,11/01/2018,22.53,18,,,
1900,12/01/2018,22.4147,18,,,
1901,16/01/2018,22.6707,18,,,
1902,17/01/2018,23.144,18,,,
1903,18/01/2018,22.9713,18,,,
1904,19/01/2018,23.3347,18,,,
1905,22/01/2018,23.4373,18,,,
1906,23/01/2018,23.5193,18,,,
1907,24/01/2018,23.0593,18,,,
1908,25/01/2018,22.5093,18,,,
1909,26/01/2018,22.8567,18,,,
1910,29/01/2018,23.302,18,,,
1911,30/01/2018,23.0547,18,,,
1912,31/01/2018,23.6207,18,,,
1913,01/02/2018,23.2833,18,,,
1914,02/02/2018,22.9167,18,,,
1915,05/02/2018,22.2087,18,,,
1916,06/02/2018,22.2647,18,,,
1917,07/02/2018,23,18,,,
1918,08/02/2018,21.0153,18,,,
1919,09/02/2018,20.6947,18,,,
1920,12/02/2018,21.0487,18,,,
1921,13/02/2018,21.5773,18,,,
1922,14/02/2018,21.4873,18,,,
1923,15/02/2018,22.271,18,,,
1924,16/02/2018,22.366,18,,,
1925,20/02/2018,22.318,18,,,
1926,21/02/2018,22.22,18,,,
1927,22/02/2018,23.078,18,,,
1928,23/02/2018,23.47,18,,,
1929,26/02/2018,23.828,18,,,
1930,27/02/2018,23.3993,18,,,
1931,28/02/2018,22.8707,18,,,
1932,01/03/2018,22.062,18,,,
1933,02/03/2018,22.3413,18,,,
1934,05/03/2018,22.2233,18,,,
1935,06/03/2018,21.88,18,,,
1936,07/03/2018,22.1533,18,,,
1937,08/03/2018,21.94,18,,,
1938,09/03/2018,21.8113,18,,,
1939,12/03/2018,23.034,18,,,
1940,13/03/2018,22.7893,18,,,
1941,14/03/2018,21.7753,18,,,
1942,15/03/2018,21.7067,18,,,
1943,16/03/2018,21.4233,18,,,
1944,19/03/2018,20.904,18,,,
1945,20/03/2018,20.7033,18,,,
1946,21/03/2018,21.102,18,,,
1947,22/03/2018,20.6067,18,,,
1948,23/03/2018,20.1027,18,,,
1949,26/03/2018,20.2787,18,,,
1950,27/03/2018,18.612,18,,,
1951,28/03/2018,17.1853,18,,,
1952,29/03/2018,17.742,18,,,
1953,02/04/2018,16.832,18,,,
1954,03/04/2018,17.8353,18,,,
1955,04/04/2018,19.1293,18,,,
1956,05/04/2018,20.3813,18,,,
1957,06/04/2018,19.9533,18,,,
1958,09/04/2018,19.3107,18,,,
1959,10/04/2018,20.3133,18,,,
1960,11/04/2018,20.062,18,,,
1961,12/04/2018,19.6053,18,,,
1962,13/04/2018,20.0227,18,,,
1963,16/04/2018,19.414,18,,,
1964,17/04/2018,19.1793,18,,,
1965,18/04/2018,19.5567,18,,,
1966,19/04/2018,20.0053,18,,,
1967,20/04/2018,19.3493,18,,,
1968,23/04/2018,18.8913,18,,,
1969,24/04/2018,18.8973,18,,,
1970,25/04/2018,18.7127,18,,,
1971,26/04/2018,19.032,18,,,
1972,27/04/2018,19.605,18,,,
1973,30/04/2018,19.5933,18,,,
1974,01/05/2018,19.9947,18,,,
1975,02/05/2018,20.0767,18,,,
1976,03/05/2018,18.9633,18,,,
1977,04/05/2018,19.606,18,,,
1978,07/05/2018,20.1847,18,,,
1979,08/05/2018,20.1313,18,,,
1980,09/05/2018,20.4567,18,,,
1981,10/05/2018,20.3347,18,,,
1982,11/05/2018,20.0707,18,,,
1983,14/05/2018,19.4647,18,,,
1984,15/05/2018,18.9453,18,,,
1985,16/05/2018,19.0987,18,,,
1986,17/05/2018,18.9693,18,,,
1987,18/05/2018,18.4547,18,,,
1988,21/05/2018,18.966,18,,,
1989,22/05/2018,18.334,18,,,
1990,23/05/2018,18.6047,18,,,
1991,24/05/2018,18.5233,18,,,
1992,25/05/2018,18.59,18,,,
1993,29/05/2018,18.9173,18,,,
1994,30/05/2018,19.448,18,,,
1995,31/05/2018,18.982,18,,,
1996,01/06/2018,19.4547,18,,,
1997,04/06/2018,19.7827,18,,,
1998,05/06/2018,19.4087,18,,,
1999,06/06/2018,21.3,18,,,
2000,07/06/2018,21.0727,18,,,
2001,08/06/2018,21.1773,18,,,
2002,11/06/2018,22.14,18,,,
2003,12/06/2018,22.8513,18,,,
2004,13/06/2018,22.9853,18,,,
2005,14/06/2018,23.848,18,,,
2006,15/06/2018,23.878,18,,,
2007,18/06/2018,24.722,18,,,
2008,19/06/2018,23.5033,18,,,
2009,20/06/2018,24.148,18,,,
2010,21/06/2018,23.1673,18,,,
2011,22/06/2018,22.242,18,,,
2012,25/06/2018,22.2007,18,,,
2013,26/06/2018,22.8,18,,,
2014,27/06/2018,22.9667,18,,,
2015,28/06/2018,23.3287,18,,,
2016,29/06/2018,22.8633,18,,,
2017,02/07/2018,22.338,18,,,
2018,03/07/2018,20.724,18,,,
2019,05/07/2018,20.6107,18,,,
2020,06/07/2018,20.5933,18,,,
2021,09/07/2018,21.234,18,,,
2022,10/07/2018,21.498,18,,,
2023,11/07/2018,21.264,18,,,
2024,12/07/2018,21.114,18,,,
2025,13/07/2018,21.258,18,,,
2026,16/07/2018,20.6733,18,,,
2027,17/07/2018,21.5127,18,,,
2028,18/07/2018,21.59,18,,,
2029,19/07/2018,21.3487,18,,,
2030,20/07/2018,20.9053,18,,,
2031,23/07/2018,20.2133,18,,,
2032,24/07/2018,19.8287,18,,,
2033,25/07/2018,20.5827,18,,,
2034,26/07/2018,20.4433,18,,,
2035,27/07/2018,19.812,18,,,
2036,30/07/2018,19.3447,18,,,
2037,31/07/2018,19.876,18,,,
2038,01/08/2018,20.056,18,,,
2039,02/08/2018,23.3027,18,,,
2040,03/08/2018,23.2113,18,,,
2041,06/08/2018,22.7993,18,,,
2042,07/08/2018,25.3047,18,,,
2043,08/08/2018,24.6893,18,,,
2044,09/08/2018,23.4967,18,,,
2045,10/08/2018,23.6993,18,,,
2046,13/08/2018,23.7607,18,,,
2047,14/08/2018,23.176,18,,,
2048,15/08/2018,22.5793,18,,,
2049,16/08/2018,22.3633,18,,,
2050,17/08/2018,20.3667,18,,,
2051,20/08/2018,20.5627,18,,,
2052,21/08/2018,21.46,18,,,
2053,22/08/2018,21.4427,18,,,
2054,23/08/2018,21.34,18,,,
2055,24/08/2018,21.5213,18,,,
2056,27/08/2018,21.2847,18,,,
2057,28/08/2018,20.7907,18,,,
2058,29/08/2018,20.334,18,,,
2059,30/08/2018,20.21,18,,,
2060,31/08/2018,20.1107,18,,,
2061,04/09/2018,19.2633,18,,,
2062,05/09/2018,18.716,18,,,
2063,06/09/2018,18.73,18,,,
2064,07/09/2018,17.5493,18,,,
2065,10/09/2018,19.0333,18,,,
2066,11/09/2018,18.6293,18,,,
2067,12/09/2018,19.3693,18,,,
2068,13/09/2018,19.2973,18,,,
2069,14/09/2018,19.68,18,,,
2070,17/09/2018,19.656,18,,,
2071,18/09/2018,18.9973,18,,,
2072,19/09/2018,19.9347,18,,,
2073,20/09/2018,19.8887,18,,,
2074,21/09/2018,19.94,18,,,
2075,24/09/2018,19.9787,18,,,
2076,25/09/2018,20.066,18,,,
2077,26/09/2018,20.6387,18,,,
2078,27/09/2018,20.5013,18,,,
2079,28/09/2018,17.6513,18,,,
2080,01/10/2018,20.7133,18,,,
2081,02/10/2018,20.068,18,,,
2082,03/10/2018,19.6533,18,,,
2083,04/10/2018,18.7887,18,,,
2084,05/10/2018,17.4633,18,,,
2085,08/10/2018,16.704,18,,,
2086,09/10/2018,17.52,18,,,
2087,10/10/2018,17.1253,18,,,
2088,11/10/2018,16.8153,18,,,
2089,12/10/2018,17.252,18,,,
2090,15/10/2018,17.306,18,,,
2091,16/10/2018,18.4393,18,,,
2092,17/10/2018,18.1187,18,,,
2093,18/10/2018,17.594,18,,,
2094,19/10/2018,17.3333,18,,,
2095,22/10/2018,17.3967,18,,,
2096,23/10/2018,19.6093,18,,,
2097,24/10/2018,19.2333,18,,,
2098,25/10/2018,20.9907,18,,,
2099,26/10/2018,22.06,18,,,
2100,29/10/2018,22.3233,18,,,
2101,30/10/2018,21.9933,18,,,
2102,31/10/2018,22.488,18,,,
2103,01/11/2018,22.952,18,,,
2104,02/11/2018,23.094,18,,,
2105,05/11/2018,22.76,18,,,
2106,06/11/2018,22.7373,18,,,
2107,07/11/2018,23.2107,18,,,
2108,08/11/2018,23.4267,18,,,
2109,09/11/2018,23.3673,18,,,
2110,12/11/2018,22.0853,18,,,
2111,13/11/2018,22.582,18,,,
2112,14/11/2018,22.9333,18,,,
2113,15/11/2018,23.2293,18,,,
2114,16/11/2018,23.6207,18,,,
2115,19/11/2018,23.5647,18,,,
2116,20/11/2018,23.166,18,,,
2117,21/11/2018,22.546,18,,,
2118,23/11/2018,21.722,18,,,
2119,26/11/2018,23.0667,18,,,
2120,27/11/2018,22.928,18,,,
2121,28/11/2018,23.1913,18,,,
2122,29/11/2018,22.7447,18,,,
2123,30/11/2018,23.3653,18,,,
2124,03/12/2018,23.8993,18,,,
2125,04/12/2018,23.98,18,,,
2126,06/12/2018,24.204,18,,,
2127,07/12/2018,23.8643,18,,,
2128,10/12/2018,24.3433,18,,,
2129,11/12/2018,24.4507,18,,,
2130,12/12/2018,24.44,18,,,
2131,13/12/2018,25.1193,18,,,
2132,14/12/2018,24.3807,18,,,
2133,17/12/2018,23.228,18,,,
2134,18/12/2018,22.4687,18,,,
2135,19/12/2018,22.198,18,,,
2136,20/12/2018,21.0253,18,,,
2137,21/12/2018,21.318,18,,,
2138,24/12/2018,19.6927,18,,,
2139,26/12/2018,21.7393,18,,,
2140,27/12/2018,21.0753,18,,,
2141,28/12/2018,22.258,18,,,
2142,31/12/2018,22.1867,18,,,
2143,02/01/2019,20.6747,18,,,
2144,03/01/2019,20.024,18,,,
2145,04/01/2019,21.1793,18,,,
2146,07/01/2019,22.3307,18,,,
2147,08/01/2019,22.3567,18,,,
2148,09/01/2019,22.5687,18,,,
2149,10/01/2019,22.998,18,,,
2150,11/01/2019,23.1507,18,,,
2151,14/01/2019,22.2933,18,,,
2152,15/01/2019,22.962,18,,,
2153,16/01/2019,23.07,18,,,
2154,17/01/2019,23.154,18,,,
2155,18/01/2019,20.1507,18,,,
2156,22/01/2019,19.928,18,,,
2157,23/01/2019,19.1727,18,,,
2158,24/01/2019,19.434,18,,,
2159,25/01/2019,19.8027,18,,,
2160,28/01/2019,19.7587,18,,,
2161,29/01/2019,19.8307,18,,,
2162,30/01/2019,20.5847,18,,,
2163,31/01/2019,20.468,18,,,
2164,01/02/2019,20.814,18,,,
2165,04/02/2019,20.8593,18,,,
2166,05/02/2019,21.4233,18,,,
2167,06/02/2019,21.148,18,,,
2168,07/02/2019,20.5007,18,,,
2169,08/02/2019,20.3867,18,,,
2170,11/02/2019,20.856,18,,,
2171,12/02/2019,20.7873,18,,,
2172,13/02/2019,20.5447,18,,,
2173,14/02/2019,20.2513,18,,,
2174,15/02/2019,20.5253,18,,,
2175,19/02/2019,20.376,18,,,
2176,20/02/2019,20.1707,18,,,
2177,21/02/2019,19.4153,18,,,
2178,22/02/2019,19.6473,18,,,
2179,25/02/2019,19.918,18,,,
2180,26/02/2019,19.8573,18,,,
2181,27/02/2019,20.9827,18,,,
2182,28/02/2019,21.3253,18,,,
2183,01/03/2019,19.6527,18,,,
2184,04/03/2019,19.024,18,,,
2185,05/03/2019,18.436,18,,,
2186,06/03/2019,18.416,18,,,
2187,07/03/2019,18.4393,18,,,
2188,08/03/2019,18.9427,18,,,
2189,11/03/2019,19.3947,18,,,
2190,12/03/2019,18.8907,18,,,
2191,13/03/2019,19.264,18,,,
2192,14/03/2019,19.3307,18,,,
2193,15/03/2019,18.362,18,,,
2194,18/03/2019,17.966,18,,,
2195,19/03/2019,17.8313,18,,,
2196,20/03/2019,18.24,18,,,
2197,21/03/2019,18.268,18,,,
2198,22/03/2019,17.6353,18,,,
2199,25/03/2019,17.3613,18,,,
2200,26/03/2019,17.8513,18,,,
2201,27/03/2019,18.322,18,,,
2202,28/03/2019,18.5747,18,,,
2203,29/03/2019,18.6573,18,,,
2204,01/04/2019,19.2787,18,,,
2205,02/04/2019,19.0587,18,,,
2206,03/04/2019,19.454,18,,,
2207,04/04/2019,17.852,18,,,
2208,05/04/2019,18.3307,18,,,
2209,08/04/2019,18.2133,18,,,
2210,09/04/2019,18.154,18,,,
2211,10/04/2019,18.404,18,,,
2212,11/04/2019,17.8947,18,,,
2213,12/04/2019,17.8467,18,,,
2214,15/04/2019,17.7587,18,,,
2215,16/04/2019,18.224,18,,,
2216,17/04/2019,18.082,18,,,
2217,18/04/2019,18.2173,18,,,
2218,22/04/2019,17.5167,18,,,
2219,23/04/2019,17.5933,18,,,
2220,24/04/2019,17.244,18,,,
2221,25/04/2019,16.5087,18,,,
2222,26/04/2019,15.676,18,,,
2223,29/04/2019,16.098,18,,,
2224,30/04/2019,15.9127,18,,,
2225,01/05/2019,15.6007,18,,,
2226,02/05/2019,16.2733,18,,,
2227,03/05/2019,17.002,18,,,
2228,06/05/2019,17.0227,18,,,
2229,07/05/2019,16.4707,18,,,
2230,08/05/2019,16.3227,18,,,
2231,09/05/2019,16.132,18,,,
2232,10/05/2019,15.968,18,,,
2233,13/05/2019,15.134,18,,,
2234,14/05/2019,15.4873,18,,,
2235,15/05/2019,15.4633,18,,,
2236,16/05/2019,15.222,18,,,
2237,17/05/2019,14.0687,18,,,
2238,20/05/2019,13.6907,18,,,
2239,21/05/2019,13.672,18,,,
2240,22/05/2019,12.8487,18,,,
2241,23/05/2019,13.0327,18,,,
2242,24/05/2019,12.7087,18,,,
2243,28/05/2019,12.58,18,,,
2244,29/05/2019,12.6573,18,,,
2245,30/05/2019,12.548,18,,,
2246,31/05/2019,12.344,18,,,
2247,03/06/2019,11.9313,18,,,
2248,04/06/2019,12.9067,18,,,
2249,05/06/2019,13.106,18,,,
2250,06/06/2019,13.73,18,,,
2251,07/06/2019,13.6333,18,,,
2252,10/06/2019,14.192,18,,,
2253,11/06/2019,14.4733,18,,,
2254,12/06/2019,13.9507,18,,,
2255,13/06/2019,14.2607,18,,,
2256,14/06/2019,14.328,18,,,
2257,17/06/2019,15.002,18,,,
2258,18/06/2019,14.9827,18,,,
2259,19/06/2019,15.0953,18,,,
2260,20/06/2019,14.6413,18,,,
2261,21/06/2019,14.7907,18,,,
2262,24/06/2019,14.9093,18,,,
2263,25/06/2019,14.6507,18,,,
2264,26/06/2019,14.618,18,,,
2265,27/06/2019,14.856,18,,,
2266,28/06/2019,14.8973,18,,,
2267,01/07/2019,15.1447,18,,,
2268,02/07/2019,14.97,18,,,
2269,03/07/2019,15.66,18,,,
2270,05/07/2019,15.54,18,,,
2271,08/07/2019,15.356,18,,,
2272,09/07/2019,15.3373,18,,,
2273,10/07/2019,15.928,18,,,
2274,11/07/2019,15.9067,18,,,
2275,12/07/2019,16.3387,18,,,
2276,15/07/2019,16.9,18,,,
2277,16/07/2019,16.8253,18,,,
2278,17/07/2019,16.9907,18,,,
2279,18/07/2019,16.9027,18,,,
2280,19/07/2019,17.212,18,,,
2281,22/07/2019,17.0453,18,,,
2282,23/07/2019,17.3447,18,,,
2283,24/07/2019,17.6587,18,,,
2284,25/07/2019,15.2547,18,,,
2285,26/07/2019,15.2027,18,,,
2286,29/07/2019,15.718,18,,,
2287,30/07/2019,16.1507,18,,,
2288,31/07/2019,16.1073,18,,,
2289,01/08/2019,15.59,18,,,
2290,02/08/2019,15.6227,18,,,
2291,05/08/2019,15.2213,18,,,
2292,06/08/2019,15.3833,18,,,
2293,07/08/2019,15.5613,18,,,
2294,08/08/2019,15.8867,18,,,
2295,09/08/2019,15.6673,18,,,
2296,12/08/2019,15.2673,18,,,
2297,13/08/2019,15.6667,18,,,
2298,14/08/2019,14.6413,18,,,
2299,15/08/2019,14.376,18,,,
2300,16/08/2019,14.6627,18,,,
2301,19/08/2019,15.122,18,,,
2302,20/08/2019,15.0573,18,,,
2303,21/08/2019,14.722,18,,,
2304,22/08/2019,14.81,18,,,
2305,23/08/2019,14.0933,18,,,
2306,26/08/2019,14.3333,18,,,
2307,27/08/2019,14.272,18,,,
2308,28/08/2019,14.3727,18,,,
2309,29/08/2019,14.7807,18,,,
2310,30/08/2019,15.0407,18,,,
2311,03/09/2019,15.0007,18,,,
2312,04/09/2019,14.712,18,,,
2313,05/09/2019,15.3053,18,,,
2314,06/09/2019,15.1633,18,,,
2315,09/09/2019,15.4527,18,,,
2316,10/09/2019,15.7027,18,,,
2317,11/09/2019,16.4733,18,,,
2318,12/09/2019,16.3913,18,,,
2319,13/09/2019,16.3467,18,,,
2320,16/09/2019,16.1873,18,,,
2321,17/09/2019,16.3193,18,,,
2322,18/09/2019,16.2327,18,,,
2323,19/09/2019,16.44,18,,,
2324,20/09/2019,16.0413,18,,,
2325,23/09/2019,16.082,18,,,
2326,24/09/2019,14.8807,18,,,
2327,25/09/2019,15.2467,18,,,
2328,26/09/2019,16.1707,18,,,
2329,27/09/2019,16.142,18,,,
2330,30/09/2019,16.058,18,,,
2331,01/10/2019,16.3127,18,,,
2332,02/10/2019,16.2087,18,,,
2333,03/10/2019,15.5353,18,,,
2334,04/10/2019,15.4287,18,,,
2335,07/10/2019,15.848,18,,,
2336,08/10/2019,16.0033,18,,,
2337,09/10/2019,16.302,18,,,
2338,10/10/2019,16.316,18,,,
2339,11/10/2019,16.526,18,,,
2340,14/10/2019,17.1307,18,,,
2341,15/10/2019,17.1927,18,,,
2342,16/10/2019,17.3167,18,,,
2343,17/10/2019,17.4647,18,,,
2344,18/10/2019,17.13,18,,,
2345,21/10/2019,16.9,18,,,
2346,22/10/2019,17.0387,18,,,
2347,23/10/2019,16.9787,18,,,
2348,24/10/2019,19.9787,18,,,
2349,25/10/2019,21.8753,18,,,
2350,28/10/2019,21.8473,18,,,
2351,29/10/2019,21.0813,18,,,
2352,30/10/2019,21.0007,18,,,
2353,31/10/2019,20.9947,18,,,
2354,01/11/2019,20.8873,18,,,
2355,04/11/2019,21.1647,18,,,
2356,05/11/2019,21.148,18,,,
2357,06/11/2019,21.772,18,,,
2358,07/11/2019,22.3693,18,,,
2359,08/11/2019,22.476,18,,,
2360,11/11/2019,23.006,18,,,
2361,12/11/2019,23.3287,18,,,
2362,13/11/2019,23.074,18,,,
2363,14/11/2019,23.29,18,,,
2364,15/11/2019,23.478,18,,,
2365,18/11/2019,23.3327,18,,,
2366,19/11/2019,23.968,18,,,
2367,20/11/2019,23.4813,18,,,
2368,21/11/2019,23.6553,18,,,
2369,22/11/2019,22.2027,18,,,
2370,25/11/2019,22.4227,18,,,
2371,26/11/2019,21.928,18,,,
2372,27/11/2019,22.086,18,,,
2373,29/11/2019,21.996,18,,,
2374,02/12/2019,22.3247,18,,,
2375,03/12/2019,22.4133,18,,,
2376,04/12/2019,22.202,18,,,
2377,05/12/2019,22.0247,18,,,
2378,06/12/2019,22.3927,18,,,
2379,09/12/2019,22.6353,18,,,
2380,10/12/2019,23.256,18,,,
2381,11/12/2019,23.5133,18,,,
2382,12/12/2019,23.9787,18,,,
2383,13/12/2019,23.8927,18,,,
2384,16/12/2019,25.4333,18,,,
2385,17/12/2019,25.266,18,,,
2386,18/12/2019,26.21,18,,,
2387,19/12/2019,26.936,18,,,
2388,20/12/2019,27.0393,18,,,
2389,23/12/2019,27.948,18,,,
2390,24/12/2019,28.35,18,,,
2391,26/12/2019,28.7293,18,,,
2392,27/12/2019,28.692,18,,,
2393,30/12/2019,27.6467,18,,,
2394,31/12/2019,27.8887,18,,,
2395,02/01/2020,28.684,18,,,
2396,03/01/2020,29.534,18,,,
2397,06/01/2020,30.1027,18,,,
2398,07/01/2020,31.2707,18,,,
2399,08/01/2020,32.8093,18,,,
2400,09/01/2020,32.0893,18,,,
2401,10/01/2020,31.8767,18,,,
2402,13/01/2020,34.9907,18,,,
2403,14/01/2020,35.8613,18,,,
2404,15/01/2020,34.5667,18,,,
2405,16/01/2020,34.2327,18,,,
2406,17/01/2020,34.0333,18,,,
2407,21/01/2020,36.48,18,,,
2408,22/01/2020,37.9707,18,,,
2409,23/01/2020,38.1467,18,,,
2410,24/01/2020,37.6547,18,,,
2411,27/01/2020,37.2013,18,,,
2412,28/01/2020,37.7933,18,,,
2413,29/01/2020,38.7327,18,,,
2414,30/01/2020,42.7207,18,,,
2415,31/01/2020,43.3713,18,,,
2416,03/02/2020,52,18,,,
2417,04/02/2020,59.1373,18,,,
2418,05/02/2020,48.98,18,,,
2419,06/02/2020,49.9307,18,,,
2420,07/02/2020,49.8713,18,,,
2421,10/02/2020,51.4187,18,,,
2422,11/02/2020,51.6253,18,,,
2423,12/02/2020,51.1527,18,,,
2424,13/02/2020,53.6,18,,,
2425,14/02/2020,53.3353,18,,,
2426,18/02/2020,57.2267,18,,,
2427,19/02/2020,61.1613,18,,,
2428,20/02/2020,59.9607,18,,,
2429,21/02/2020,60.0667,18,,,
2430,24/02/2020,55.586,18,,,
2431,25/02/2020,53.3273,18,,,
2432,26/02/2020,51.92,18,,,
2433,27/02/2020,45.2667,18,,,
2434,28/02/2020,44.5327,18,,,
2435,02/03/2020,49.5747,18,,,
2436,03/03/2020,49.7007,18,,,
2437,04/03/2020,49.9667,18,,,
2438,05/03/2020,48.3027,18,,,
2439,06/03/2020,46.8987,18,,,
2440,09/03/2020,40.5333,18,,,
2441,10/03/2020,43.022,18,,,
2442,11/03/2020,42.282,18,,,
2443,12/03/2020,37.37,18,,,
2444,13/03/2020,36.4413,18,,,
2445,16/03/2020,29.6713,18,,,
2446,17/03/2020,28.68,18,,,
2447,18/03/2020,24.0813,18,,,
2448,19/03/2020,28.5093,18,,,
2449,20/03/2020,28.502,18,,,
2450,23/03/2020,28.9527,18,,,
2451,24/03/2020,33.6667,18,,,
2452,25/03/2020,35.95,18,,,
2453,26/03/2020,35.2107,18,,,
2454,27/03/2020,34.2907,18,,,
2455,30/03/2020,33.4753,18,,,
2456,31/03/2020,34.9333,18,,,
2457,01/04/2020,32.104,18,,,
2458,02/04/2020,30.298,18,,,
2459,03/04/2020,32.0007,18,,,
2460,06/04/2020,34.416,18,,,
2461,07/04/2020,36.3633,18,,,
2462,08/04/2020,36.5893,18,,,
2463,09/04/2020,38.2,18,,,
2464,13/04/2020,43.3967,18,,,
2465,14/04/2020,47.326,18,,,
2466,15/04/2020,48.6553,18,,,
2467,16/04/2020,49.6807,18,,,
2468,17/04/2020,50.2593,18,,,
2469,20/04/2020,49.7573,18,,,
2470,21/04/2020,45.7813,18,,,
2471,22/04/2020,48.8073,18,,,
2472,23/04/2020,47.042,18,,,
2473,24/04/2020,48.3433,18,,,
2474,27/04/2020,53.25,18,,,
2475,28/04/2020,51.2747,18,,,
2476,29/04/2020,53.3673,18,,,
2477,30/04/2020,52.1253,18,,,
2478,01/05/2020,46.7547,18,,,
2479,04/05/2020,50.746,18,,,
2480,05/05/2020,51.214,18,,,
2481,06/05/2020,52.172,18,,,
2482,07/05/2020,52.0027,18,,,
2483,08/05/2020,54.628,18,,,
2484,11/05/2020,54.086,18,,,
2485,12/05/2020,53.9607,18,,,
2486,13/05/2020,52.7307,18,,,
2487,14/05/2020,53.5553,18,,,
2488,15/05/2020,53.278,18,,,
2489,18/05/2020,54.242,18,,,
2490,19/05/2020,53.8673,18,,,
2491,20/05/2020,54.3707,18,,,
2492,21/05/2020,55.1733,18,,,
2493,22/05/2020,54.4587,18,,,
2494,26/05/2020,54.5913,18,,,
2495,27/05/2020,54.682,18,,,
2496,28/05/2020,53.7207,18,,,
2497,29/05/2020,55.6667,18,,,
2498,01/06/2020,59.8733,18,,,
2499,02/06/2020,58.7707,18,,,
2500,03/06/2020,58.864,18,,,
2501,04/06/2020,57.6253,18,,,
2502,05/06/2020,59.044,18,,,
2503,08/06/2020,63.328,18,,,
2504,09/06/2020,62.7113,18,,,
2505,10/06/2020,68.3367,18,,,
2506,11/06/2020,64.856,18,,,
2507,12/06/2020,62.352,18,,,
2508,15/06/2020,66.06,18,,,
2509,16/06/2020,65.4753,18,,,
2510,17/06/2020,66.1193,18,,,
2511,18/06/2020,66.9307,18,,,
2512,19/06/2020,66.7267,18,,,
2513,22/06/2020,66.288,18,,,
2514,23/06/2020,66.7853,18,,,
2515,24/06/2020,64.0567,18,,,
2516,25/06/2020,65.732,18,,,
2517,26/06/2020,63.9827,18,,,
2518,29/06/2020,67.29,18,,,
2519,30/06/2020,71.9873,18,,,
2520,01/07/2020,74.642,18,,,
2521,02/07/2020,80.5773,18,,,
2522,06/07/2020,91.4387,18,,,
2523,07/07/2020,92.6573,18,,,
2524,08/07/2020,91.0587,18,,,
2525,09/07/2020,92.952,18,,,
2526,10/07/2020,102.9767,18,,,
2527,13/07/2020,99.804,18,,,
2528,14/07/2020,101.12,18,,,
2529,15/07/2020,103.0673,18,,,
2530,16/07/2020,100.0427,18,,,
2531,17/07/2020,100.056,18,,,
2532,20/07/2020,109.5333,18,,,
2533,21/07/2020,104.5573,18,,,
2534,22/07/2020,106.1553,18,,,
2535,23/07/2020,100.8713,18,,,
2536,24/07/2020,94.4667,18,,,
2537,27/07/2020,102.64,18,,,
2538,28/07/2020,98.4327,18,,,
2539,29/07/2020,99.9407,18,,,
2540,30/07/2020,99.166,18,,,
2541,31/07/2020,95.384,18,,,
2542,03/08/2020,99,18,,,
2543,04/08/2020,99.1333,18,,,
2544,05/08/2020,99.0013,18,,,
2545,06/08/2020,99.3053,18,,,
2546,07/08/2020,96.8473,18,,,
2547,10/08/2020,94.5713,18,,,
2548,11/08/2020,91.626,18,,,
2549,12/08/2020,103.6507,18,,,
2550,13/08/2020,108.0667,18,,,
2551,14/08/2020,110.0473,18,,,
2552,17/08/2020,122.376,18,,,
2553,18/08/2020,125.806,18,,,
2554,19/08/2020,125.2353,18,,,
2555,20/08/2020,133.4553,18,,,
2556,21/08/2020,136.6653,18,,,
2557,24/08/2020,134.28,18,,,
2558,25/08/2020,134.8893,18,,,
2559,26/08/2020,143.5447,18,,,
2560,27/08/2020,149.25,18,,,
2561,28/08/2020,147.56,18,,,
2562,31/08/2020,166.1067,18,,,
2563,01/09/2020,158.35,18,,,
2564,02/09/2020,149.1233,18,,,
2565,03/09/2020,135.6667,18,,,
2566,04/09/2020,139.44,18,,,
2567,08/09/2020,110.07,18,,,
2568,09/09/2020,122.0933,18,,,
2569,10/09/2020,123.78,18,,,
2570,11/09/2020,124.24,18,,,
2571,14/09/2020,139.8733,18,,,
2572,15/09/2020,149.92,18,,,
2573,16/09/2020,147.2533,18,,,
2574,17/09/2020,141.1433,18,,,
2575,18/09/2020,147.3833,18,,,
2576,21/09/2020,149.7967,18,,,
2577,22/09/2020,141.41,18,,,
2578,23/09/2020,126.7867,18,,,
2579,24/09/2020,129.2633,18,,,
2580,25/09/2020,135.78,18,,,
2581,28/09/2020,140.4,18,,,
2582,29/09/2020,139.69,18,,,
2583,30/09/2020,143.0033,18,,,
2584,01/10/2020,149.3867,18,,,
2585,02/10/2020,138.3633,18,,,
2586,05/10/2020,141.8933,18,,,
2587,06/10/2020,137.9933,18,,,
2588,07/10/2020,141.7667,18,,,
2589,08/10/2020,141.9733,18,,,
2590,09/10/2020,144.6667,18,,,
2591,12/10/2020,147.4333,18,,,
2592,13/10/2020,148.8833,18,,,
2593,14/10/2020,153.7667,18,,,
2594,15/10/2020,149.6267,18,,,
2595,16/10/2020,146.5567,18,,,
2596,19/10/2020,143.61,18,,,
2597,20/10/2020,140.6467,18,,,
2598,21/10/2020,140.88,18,,,
2599,22/10/2020,141.93,18,,,
2600,23/10/2020,140.21,18,,,
2601,26/10/2020,140.0933,18,,,
2602,27/10/2020,141.56,18,,,
2603,28/10/2020,135.34,18,,,
2604,29/10/2020,136.9433,18,,,
2605,30/10/2020,129.3467,18,,,
2606,02/11/2020,133.5033,18,,,
2607,03/11/2020,141.3,18,,,
2608,04/11/2020,140.3267,18,,,
2609,05/11/2020,146.03,18,,,
2610,06/11/2020,143.3167,18,,,
2611,09/11/2020,140.42,18,,,
2612,10/11/2020,136.7867,18,,,
2613,11/11/2020,139.0433,18,,,
2614,12/11/2020,137.2533,18,,,
2615,13/11/2020,136.1667,18,,,
2616,16/11/2020,136.03,18,,,
2617,17/11/2020,147.2033,18,,,
2618,18/11/2020,162.2133,18,,,
2619,19/11/2020,166.4233,18,,,
2620,20/11/2020,163.2033,18,,,
2621,23/11/2020,173.95,18,,,
2622,24/11/2020,185.1267,18,,,
2623,25/11/2020,191.3333,18,,,
2624,27/11/2020,195.2533,18,,,
2625,30/11/2020,189.2,18,,,
2626,01/12/2020,194.92,18,,,
2627,02/12/2020,189.6067,18,,,
2628,03/12/2020,197.7933,18,,,
2629,04/12/2020,199.68,18,,,
2630,07/12/2020,213.92,18,,,
2631,08/12/2020,216.6267,18,,,
2632,09/12/2020,201.4933,18,,,
2633,10/12/2020,209.0233,18,,,
2634,11/12/2020,203.33,18,,,
2635,14/12/2020,213.2767,18,,,
2636,15/12/2020,211.0833,18,,,
2637,16/12/2020,207.59,18,,,
2638,17/12/2020,218.6333,18,,,
2639,18/12/2020,231.6667,18,,,
2640,21/12/2020,216.62,18,,,
2641,22/12/2020,213.4467,18,,,
2642,23/12/2020,215.3267,18,,,
2643,24/12/2020,220.59,18,,,
2644,28/12/2020,221.23,18,,,
2645,29/12/2020,221.9967,18,,,
2646,30/12/2020,231.5933,18,,,
2647,31/12/2020,235.2233,18,,,
2648,04/01/2021,243.2567,18,,,
2649,05/01/2021,245.0367,18,,,
2650,06/01/2021,251.9933,18,,,
2651,07/01/2021,272.0133,18,,,
2652,08/01/2021,293.34,18,,,
2653,11/01/2021,270.3967,18,,,
2654,12/01/2021,283.1467,18,,,
2655,13/01/2021,284.8033,18,,,
2656,14/01/2021,281.6667,18,,,
2657,15/01/2021,275.3867,18,,,
2658,19/01/2021,281.5167,18,,,
2659,20/01/2021,283.4833,18,,,
2660,21/01/2021,281.6633,18,,,
2661,22/01/2021,282.2133,18,,,
2662,25/01/2021,293.6,18,,,
2663,26/01/2021,294.3633,18,,,
2664,27/01/2021,288.0533,18,,,
2665,28/01/2021,278.4767,18,,,
2666,29/01/2021,264.51,18,,,
2667,01/02/2021,279.9367,18,,,
2668,02/02/2021,290.93,18,,,
2669,03/02/2021,284.8967,18,,,
2670,04/02/2021,283.33,18,,,
2671,05/02/2021,284.0767,18,,,
2672,08/02/2021,287.8067,18,,,
2673,09/02/2021,283.1533,18,,,
2674,10/02/2021,268.2733,18,,,
2675,11/02/2021,270.5533,18,,,
2676,12/02/2021,272.04,18,,,
2677,16/02/2021,265.4067,18,,,
2678,17/02/2021,266.05,18,,,
2679,18/02/2021,262.46,18,,,
2680,19/02/2021,260.4333,18,,,
2681,22/02/2021,238.1667,18,,,
2682,23/02/2021,232.9467,18,,,
2683,24/02/2021,247.34,18,,,
2684,25/02/2021,227.4067,18,,,
2685,26/02/2021,225.1667,18,,,
2686,01/03/2021,239.4767,18,,,
2687,02/03/2021,228.8133,18,,,
2688,03/03/2021,217.7333,18,,,
2689,04/03/2021,207.1467,18,,,
2690,05/03/2021,199.3167,18,,,
2691,08/03/2021,187.6667,18,,,
2692,09/03/2021,224.5267,18,,,
2693,10/03/2021,222.6867,18,,,
2694,11/03/2021,233.2,18,,,
2695,12/03/2021,231.2433,18,,,
2696,15/03/2021,235.98,18,,,
2697,16/03/2021,225.6267,18,,,
2698,17/03/2021,233.9367,18,,,
2699,18/03/2021,217.72,18,,,
2700,19/03/2021,218.29,18,,,
2701,22/03/2021,223.3333,18,,,
2702,23/03/2021,220.72,18,,,
2703,24/03/2021,210.09,18,,,
2704,25/03/2021,213.4633,18,,,
2705,26/03/2021,206.2367,18,,,
2706,29/03/2021,203.7633,18,,,
2707,30/03/2021,211.8733,18,,,
2708,31/03/2021,222.6433,18,,,
2709,01/04/2021,220.5833,18,,,
2710,05/04/2021,230.35,18,,,
2711,06/04/2021,230.54,18,,,
2712,07/04/2021,223.6567,18,,,
2713,08/04/2021,227.9333,18,,,
2714,09/04/2021,225.6733,18,,,
2715,12/04/2021,233.9933,18,,,
2716,13/04/2021,254.1067,18,,,
2717,14/04/2021,244.0767,18,,,
2718,15/04/2021,246.2833,18,,,
2719,16/04/2021,246.5933,18,,,
2720,19/04/2021,238.21,18,,,
2721,20/04/2021,239.6633,18,,,
2722,21/04/2021,248.04,18,,,
2723,22/04/2021,239.8967,18,,,
2724,23/04/2021,243.1333,18,,,
2725,26/04/2021,246.0667,18,,,
2726,27/04/2021,234.9133,18,,,
2727,28/04/2021,231.4667,18,,,
2728,29/04/2021,225.6667,18,,,
2729,30/04/2021,236.48,18,,,
2730,03/05/2021,228.3,18,,,
2731,04/05/2021,224.5333,18,,,
2732,05/05/2021,223.6467,18,,,
2733,06/05/2021,221.18,18,,,
2734,07/05/2021,224.1233,18,,,
2735,10/05/2021,209.68,18,,,
2736,11/05/2021,205.7333,18,,,
2737,12/05/2021,196.63,18,,,
2738,13/05/2021,190.5633,18,,,
2739,14/05/2021,196.58,18,,,
2740,17/05/2021,192.2767,18,,,
2741,18/05/2021,192.6233,18,,,
2742,19/05/2021,187.82,18,,,
2743,20/05/2021,195.5933,18,,,
2744,21/05/2021,193.6267,18,,,
2745,24/05/2021,202.1467,18,,,
2746,25/05/2021,201.5633,18,,,
2747,26/05/2021,206.3767,18,,,
2748,27/05/2021,210.2833,18,,,
2749,28/05/2021,208.4067,18,,,
2750,01/06/2021,207.9667,18,,,
2751,02/06/2021,201.7067,18,,,
2752,03/06/2021,190.9467,18,,,
2753,04/06/2021,199.6833,18,,,
2754,07/06/2021,201.71,18,,,
2755,08/06/2021,201.1967,18,,,
2756,09/06/2021,199.5933,18,,,
2757,10/06/2021,203.3733,18,,,
2758,11/06/2021,203.2967,18,,,
2759,14/06/2021,205.8967,18,,,
2760,15/06/2021,199.7867,18,,,
2761,16/06/2021,201.6233,18,,,
2762,17/06/2021,205.5333,18,,,
2763,18/06/2021,207.77,18,,,
2764,21/06/2021,206.9433,18,,,
2765,22/06/2021,207.9033,18,,,
2766,23/06/2021,218.8567,18,,,
2767,24/06/2021,226.6067,18,,,
2768,25/06/2021,223.9567,18,,,
2769,28/06/2021,229.5733,18,,,
2770,29/06/2021,226.92,18,,,
2771,30/06/2021,226.5667,18,,,
2772,01/07/2021,225.9733,18,,,
2773,02/07/2021,226.3,18,,,
2774,06/07/2021,219.86,18,,,
2775,07/07/2021,214.8833,18,,,
2776,08/07/2021,217.6033,18,,,
2777,09/07/2021,218.9833,18,,,
2778,12/07/2021,228.5667,18,,,
2779,13/07/2021,222.8467,18,,,
2780,14/07/2021,217.7933,18,,,
2781,15/07/2021,216.8667,18,,,
2782,16/07/2021,214.74,18,,,
2783,19/07/2021,215.4067,18,,,
2784,20/07/2021,220.1667,18,,,
2785,21/07/2021,218.43,18,,,
2786,22/07/2021,216.42,18,,,
2787,23/07/2021,214.46,18,,,
2788,26/07/2021,219.2067,18,,,
2789,27/07/2021,214.9267,18,,,
2790,28/07/2021,215.66,18,,,
2791,29/07/2021,225.7833,18,,,
2792,30/07/2021,229.0667,18,,,
2793,02/08/2021,236.5567,18,,,
2794,03/08/2021,236.58,18,,,
2795,04/08/2021,236.9733,18,,,
2796,05/08/2021,238.21,18,,,
2797,06/08/2021,233.0333,18,,,
2798,09/08/2021,237.92,18,,,
2799,10/08/2021,236.6633,18,,,
2800,11/08/2021,235.94,18,,,
2801,12/08/2021,240.75,18,,,
2802,13/08/2021,239.0567,18,,,
2803,16/08/2021,228.7233,18,,,
2804,17/08/2021,221.9033,18,,,
2805,18/08/2021,229.6633,18,,,
2806,19/08/2021,224.49,18,,,
2807,20/08/2021,226.7533,18,,,
2808,23/08/2021,235.4333,18,,,
2809,24/08/2021,236.1633,18,,,
2810,25/08/2021,237.0667,18,,,
2811,26/08/2021,233.72,18,,,
2812,27/08/2021,237.3067,18,,,
2813,30/08/2021,243.6367,18,,,
2814,31/08/2021,245.24,18,,,
2815,01/09/2021,244.6967,18,,,
2816,02/09/2021,244.13,18,,,
2817,03/09/2021,244.5233,18,,,
2818,07/09/2021,250.9733,18,,,
2819,08/09/2021,251.29,18,,,
2820,09/09/2021,251.62,18,,,
2821,10/09/2021,245.4233,18,,,
2822,13/09/2021,247.6667,18,,,
2823,14/09/2021,248.1633,18,,,
2824,15/09/2021,251.9433,18,,,
2825,16/09/2021,252.33,18,,,
2826,17/09/2021,253.1633,18,,,
2827,20/09/2021,243.39,18,,,
2828,21/09/2021,246.46,18,,,
2829,22/09/2021,250.6467,18,,,
2830,23/09/2021,251.2133,18,,,
2831,24/09/2021,258.13,18,,,
2832,27/09/2021,263.7867,18,,,
2833,28/09/2021,259.1867,18,,,
2834,29/09/2021,260.4367,18,,,
2835,30/09/2021,258.4933,18,,,
2836,01/10/2021,258.4067,18,,,
2837,04/10/2021,260.51,18,,,
2838,05/10/2021,260.1967,18,,,
2839,06/10/2021,260.9167,18,,,
2840,07/10/2021,264.5367,18,,,
2841,08/10/2021,261.83,18,,,
2842,11/10/2021,263.98,18,,,
2843,12/10/2021,268.5733,18,,,
2844,13/10/2021,270.36,18,,,
2845,14/10/2021,272.7733,18,,,
2846,15/10/2021,281.01,18,,,
2847,18/10/2021,290.0367,18,,,
2848,19/10/2021,288.09,18,,,
2849,20/10/2021,288.6,18,,,
2850,21/10/2021,298,18,,,
2851,22/10/2021,303.2267,18,,,
2852,25/10/2021,341.62,18,,,
2853,26/10/2021,339.4767,18,,,
2854,27/10/2021,345.9533,18,,,
2855,28/10/2021,359.0133,18,,,
2856,29/10/2021,371.3333,18,,,
2857,01/11/2021,402.8633,18,,,
2858,02/11/2021,390.6667,18,,,
2859,03/11/2021,404.62,18,,,
2860,04/11/2021,409.97,18,,,
2861,05/11/2021,407.3633,18,,,
2862,08/11/2021,387.6467,18,,,
2863,09/11/2021,341.1667,18,,,
2864,10/11/2021,355.9833,18,,,
2865,11/11/2021,354.5033,18,,,
2866,12/11/2021,344.4733,18,,,
2867,15/11/2021,337.7967,18,,,
2868,16/11/2021,351.5767,18,,,
2869,17/11/2021,363.0033,18,,,
2870,18/11/2021,365.46,18,,,
2871,19/11/2021,379.02,18,,,
2872,22/11/2021,385.6233,18,,,
2873,23/11/2021,369.6767,18,,,
2874,24/11/2021,372,18,,,
2875,26/11/2021,360.64,18,,,
2876,29/11/2021,378.9967,18,,,
2877,30/11/2021,381.5867,18,,,
2878,01/12/2021,365,18,,,
2879,02/12/2021,361.5333,18,,,
2880,03/12/2021,338.3233,18,,,
2881,06/12/2021,336.3367,18,,,
2882,07/12/2021,350.5833,18,,,
2883,08/12/2021,356.32,18,,,
2884,09/12/2021,334.6,18,,,
2885,10/12/2021,339.01,18,,,
2886,13/12/2021,322.1367,18,,,
2887,14/12/2021,319.5033,18,,,
2888,15/12/2021,325.33,18,,,
2889,16/12/2021,308.9733,18,,,
2890,17/12/2021,310.8567,18,,,
2891,20/12/2021,299.98,18,,,
2892,21/12/2021,312.8433,18,,,
2893,22/12/2021,336.29,18,,,
2894,23/12/2021,355.6667,18,,,
2895,27/12/2021,364.6467,18,,,
2896,28/12/2021,362.8233,18,,,
2897,29/12/2021,362.0633,18,,,
2898,30/12/2021,356.78,18,,,
2899,31/12/2021,352.26,18,,,
2900,03/01/2022,399.9267,18,,,
2901,04/01/2022,383.1967,18,,,
2902,05/01/2022,362.7067,18,,,
2903,06/01/2022,354.9,18,,,
2904,07/01/2022,342.32,18,,,
2905,10/01/2022,352.7067,18,,,
2906,11/01/2022,354.8,18,,,
2907,12/01/2022,368.74,18,,,
2908,13/01/2022,343.8533,18,,,
2909,14/01/2022,349.87,18,,,
2910,18/01/2022,343.5033,18,,,
2911,19/01/2022,331.8833,18,,,
2912,20/01/2022,332.09,18,,,
2913,21/01/2022,314.6333,18,,,
2914,24/01/2022,310,18,,,
2915,25/01/2022,306.1333,18,,,
2916,26/01/2022,312.47,18,,,
2917,27/01/2022,276.3667,18,,,
2918,28/01/2022,282.1167,18,,,
2919,31/01/2022,312.24,18,,,
2920,01/02/2022,310.4167,18,,,
2921,02/02/2022,301.8867,18,,,
2922,03/02/2022,297.0467,18,,,
2923,04/02/2022,307.7733,18,,,
2924,07/02/2022,302.4467,18,,,
2925,08/02/2022,307.3333,18,,,
2926,09/02/2022,310.6667,18,,,
2927,10/02/2022,301.5167,18,,,
2928,11/02/2022,286.6667,18,,,
2929,14/02/2022,291.92,18,,,
2930,15/02/2022,307.4767,18,,,
2931,16/02/2022,307.7967,18,,,
2932,17/02/2022,292.1167,18,,,
2933,18/02/2022,285.66,18,,,
2934,22/02/2022,273.8433,18,,,
2935,23/02/2022,254.68,18,,,
2936,24/02/2022,266.9233,18,,,
2937,25/02/2022,269.9567,18,,,
2938,28/02/2022,290.1433,18,,,
2939,01/03/2022,288.1233,18,,,
2940,02/03/2022,293.2967,18,,,
2941,03/03/2022,279.7633,18,,,
2942,04/03/2022,279.43,18,,,
2943,07/03/2022,268.1933,18,,,
2944,08/03/2022,274.8,18,,,
2945,09/03/2022,286.3233,18,,,
2946,10/03/2022,279.4333,18,,,
2947,11/03/2022,265.1167,18,,,
2948,14/03/2022,255.4567,18,,,
2949,15/03/2022,267.2967,18,,,
2950,16/03/2022,280.0767,18,,,
2951,17/03/2022,290.5333,18,,,
2952,18/03/2022,301.7967,18,,,
2953,21/03/2022,307.0533,18,,,
2954,22/03/2022,331.3267,18,,,
2955,23/03/2022,333.0367,18,,,
2956,24/03/2022,337.9733,18,,,
2957,25/03/2022,336.88,18,,,
2958,28/03/2022,363.9467,18,,,
2959,29/03/2022,366.5233,18,,,
2960,30/03/2022,364.6633,18,,,
2961,31/03/2022,359.2,18,,,
2962,01/04/2022,361.53,18,,,
2963,04/04/2022,381.8167,18,,,
2964,05/04/2022,363.7533,18,,,
2965,06/04/2022,348.5867,18,,,
2966,07/04/2022,352.42,18,,,
2967,08/04/2022,341.83,18,,,
2968,11/04/2022,325.31,18,,,
2969,12/04/2022,328.9833,18,,,
2970,13/04/2022,340.79,18,,,
2971,14/04/2022,328.3333,18,,,
2972,18/04/2022,334.7633,18,,,
2973,19/04/2022,342.7167,18,,,
2974,20/04/2022,325.7333,18,,,
2975,21/04/2022,336.26,18,,,
2976,22/04/2022,335.0167,18,,,
2977,25/04/2022,332.6733,18,,,
2978,26/04/2022,292.14,18,,,
2979,27/04/2022,293.8367,18,,,
2980,28/04/2022,292.5033,18,,,
2981,29/04/2022,290.2533,18,,,
2982,02/05/2022,300.98,18,,,
2983,03/05/2022,303.0833,18,,,
2984,04/05/2022,317.54,18,,,
2985,05/05/2022,291.0933,18,,,
2986,06/05/2022,288.55,18,,,
2987,09/05/2022,262.37,18,,,
2988,10/05/2022,266.68,18,,,
2989,11/05/2022,244.6667,18,,,
2990,12/05/2022,242.6667,18,,,
2991,13/05/2022,256.53,18,,,
2992,16/05/2022,241.4567,18,,,
2993,17/05/2022,253.87,18,,,
2994,18/05/2022,236.6033,18,,,
2995,19/05/2022,236.4733,18,,,
2996,20/05/2022,221.3,18,,,
2997,23/05/2022,224.9667,18,,,
2998,24/05/2022,209.3867,18,,,
2999,25/05/2022,219.6,18,,,
3000,26/05/2022,235.91,18,,,
3001,27/05/2022,253.21,18,,,
3002,31/05/2022,252.7533,18,,,
3003,01/06/2022,246.79,18,,,
3004,02/06/2022,258.3333,18,,,
3005,03/06/2022,234.5167,18,,,
3006,06/06/2022,238.28,18,,,
3007,07/06/2022,238.8867,18,,,
3008,08/06/2022,241.8667,18,,,
3009,09/06/2022,239.7067,18,,,
3010,10/06/2022,232.23,18,,,
3011,13/06/2022,215.7367,18,,,
3012,14/06/2022,220.89,18,,,
3013,15/06/2022,233,18,,,
3014,16/06/2022,213.1,18,,,
3015,17/06/2022,216.76,18,,,
3016,21/06/2022,237.0367,18,,,
3017,22/06/2022,236.0867,18,,,
3018,23/06/2022,235.07,18,,,
3019,24/06/2022,245.7067,18,,,
3020,27/06/2022,244.92,18,,,
3021,28/06/2022,232.6633,18,,,
3022,29/06/2022,228.49,18,,,
3023,30/06/2022,224.4733,18,,,
3024,01/07/2022,227.2633,18,,,
3025,05/07/2022,233.0667,18,,,
3026,06/07/2022,231.7333,18,,,
3027,07/07/2022,244.5433,18,,,
3028,08/07/2022,250.7633,18,,,
3029,11/07/2022,234.3433,18,,,
3030,12/07/2022,233.07,18,,,
3031,13/07/2022,237.04,18,,,
3032,14/07/2022,238.3133,18,,,
3033,15/07/2022,240.0667,18,,,
3034,18/07/2022,240.5467,18,,,
3035,19/07/2022,245.53,18,,,
3036,20/07/2022,247.5,18,,,
3037,21/07/2022,271.7067,18,,,
3038,22/07/2022,272.2433,18,,,
3039,25/07/2022,268.4333,18,,,
3040,26/07/2022,258.86,18,,,
3041,27/07/2022,274.82,18,,,
3042,28/07/2022,280.9,18,,,
3043,29/07/2022,297.15,18,,,
3044,01/08/2022,297.2767,18,,,
3045,02/08/2022,300.5867,18,,,
3046,03/08/2022,307.3967,18,,,
3047,04/08/2022,308.6333,18,,,
3048,05/08/2022,288.17,18,,,
3049,08/08/2022,290.4233,18,,,
3050,09/08/2022,283.3333,18,,,
3051,10/08/2022,294.3567,18,,,
3052,11/08/2022,286.63,18,,,
3053,12/08/2022,300.03,18,,,
3054,15/08/2022,309.32,18,,,
3055,16/08/2022,306.5633,18,,,
3056,17/08/2022,303.9967,18,,,
3057,18/08/2022,302.87,18,,,
3058,19/08/2022,296.6667,18,,,
3059,22/08/2022,289.9133,18,,,
3060,23/08/2022,296.4533,18,,,
3061,24/08/2022,297.0967,18,,,
3062,25/08/2022,296.07,18,,,
3063,26/08/2022,288.09,18,,,
3064,29/08/2022,284.82,18,,,
3065,30/08/2022,277.7,18,,,
3066,31/08/2022,275.61,18,,,
3067,01/09/2022,277.16,18,,,
3068,02/09/2022,270.21,18,,,
3069,06/09/2022,274.42,18,,,
3070,07/09/2022,283.7,18,,,
3071,08/09/2022,289.26,18,,,
3072,09/09/2022,299.68,18,,,
3073,12/09/2022,304.42,18,,,
3074,13/09/2022,292.13,18,,,
3075,14/09/2022,302.61,18,,,
3076,15/09/2022,303.75,18,,,
3077,16/09/2022,303.35,18,,,
3078,19/09/2022,309.07,18,,,
3079,20/09/2022,308.73,18,,,
3080,21/09/2022,300.8,18,,,
3081,22/09/2022,288.59,18,,,
3082,23/09/2022,275.33,18,,,
3083,26/09/2022,276.01,18,,,
3084,27/09/2022,282.94,18,,,
3085,28/09/2022,287.81,18,,,
3086,29/09/2022,268.21,18,,,